filename,absolute_path,suffix,size_bytes
Healthy(1).jpg,D:\PRSV Project\Original Images\Healthy(1).jpg,.jpg,137515
Healthy(10).jpg,D:\PRSV Project\Original Images\Healthy(10).jpg,.jpg,152487
Healthy(100).jpg,D:\PRSV Project\Original Images\Healthy(100).jpg,.jpg,107890
Healthy(101).jpg,D:\PRSV Project\Original Images\Healthy(101).jpg,.jpg,108103
Healthy(102).jpg,D:\PRSV Project\Original Images\Healthy(102).jpg,.jpg,98792
Healthy(103).jpg,D:\PRSV Project\Original Images\Healthy(103).jpg,.jpg,97903
Healthy(104).jpg,D:\PRSV Project\Original Images\Healthy(104).jpg,.jpg,113588
Healthy(105).jpg,D:\PRSV Project\Original Images\Healthy(105).jpg,.jpg,117861
Healthy(106).jpg,D:\PRSV Project\Original Images\Healthy(106).jpg,.jpg,102861
Healthy(107).jpg,D:\PRSV Project\Original Images\Healthy(107).jpg,.jpg,91539
Healthy(108).jpg,D:\PRSV Project\Original Images\Healthy(108).jpg,.jpg,86353
Healthy(109).jpg,D:\PRSV Project\Original Images\Healthy(109).jpg,.jpg,90324
Healthy(11).jpg,D:\PRSV Project\Original Images\Healthy(11).jpg,.jpg,115055
Healthy(110).jpg,D:\PRSV Project\Original Images\Healthy(110).jpg,.jpg,94194
Healthy(111).jpg,D:\PRSV Project\Original Images\Healthy(111).jpg,.jpg,110971
Healthy(112).jpg,D:\PRSV Project\Original Images\Healthy(112).jpg,.jpg,115919
Healthy(113).jpg,D:\PRSV Project\Original Images\Healthy(113).jpg,.jpg,113787
Healthy(114).jpg,D:\PRSV Project\Original Images\Healthy(114).jpg,.jpg,110520
Healthy(115).jpg,D:\PRSV Project\Original Images\Healthy(115).jpg,.jpg,107363
Healthy(116).jpg,D:\PRSV Project\Original Images\Healthy(116).jpg,.jpg,121914
Healthy(117).jpg,D:\PRSV Project\Original Images\Healthy(117).jpg,.jpg,103957
Healthy(118).jpg,D:\PRSV Project\Original Images\Healthy(118).jpg,.jpg,121494
Healthy(119).jpg,D:\PRSV Project\Original Images\Healthy(119).jpg,.jpg,104132
Healthy(12).jpg,D:\PRSV Project\Original Images\Healthy(12).jpg,.jpg,149437
Healthy(120).jpg,D:\PRSV Project\Original Images\Healthy(120).jpg,.jpg,107347
Healthy(121).jpg,D:\PRSV Project\Original Images\Healthy(121).jpg,.jpg,115362
Healthy(122).jpg,D:\PRSV Project\Original Images\Healthy(122).jpg,.jpg,107118
Healthy(123).jpg,D:\PRSV Project\Original Images\Healthy(123).jpg,.jpg,115319
Healthy(124).jpg,D:\PRSV Project\Original Images\Healthy(124).jpg,.jpg,80574
Healthy(125).jpg,D:\PRSV Project\Original Images\Healthy(125).jpg,.jpg,104400
Healthy(126).jpg,D:\PRSV Project\Original Images\Healthy(126).jpg,.jpg,98712
Healthy(127).jpg,D:\PRSV Project\Original Images\Healthy(127).jpg,.jpg,101040
Healthy(128).jpg,D:\PRSV Project\Original Images\Healthy(128).jpg,.jpg,97753
Healthy(129).jpg,D:\PRSV Project\Original Images\Healthy(129).jpg,.jpg,93262
Healthy(13).jpg,D:\PRSV Project\Original Images\Healthy(13).jpg,.jpg,145853
Healthy(130).jpg,D:\PRSV Project\Original Images\Healthy(130).jpg,.jpg,134412
Healthy(131).jpg,D:\PRSV Project\Original Images\Healthy(131).jpg,.jpg,104395
Healthy(132).jpg,D:\PRSV Project\Original Images\Healthy(132).jpg,.jpg,78779
Healthy(133).jpg,D:\PRSV Project\Original Images\Healthy(133).jpg,.jpg,93357
Healthy(134).jpg,D:\PRSV Project\Original Images\Healthy(134).jpg,.jpg,104747
Healthy(135).jpg,D:\PRSV Project\Original Images\Healthy(135).jpg,.jpg,106477
Healthy(136).jpg,D:\PRSV Project\Original Images\Healthy(136).jpg,.jpg,108423
Healthy(137).jpg,D:\PRSV Project\Original Images\Healthy(137).jpg,.jpg,85957
Healthy(138).jpg,D:\PRSV Project\Original Images\Healthy(138).jpg,.jpg,84553
Healthy(139).jpg,D:\PRSV Project\Original Images\Healthy(139).jpg,.jpg,116806
Healthy(14).jpg,D:\PRSV Project\Original Images\Healthy(14).jpg,.jpg,122650
Healthy(140).jpg,D:\PRSV Project\Original Images\Healthy(140).jpg,.jpg,111294
Healthy(141).jpg,D:\PRSV Project\Original Images\Healthy(141).jpg,.jpg,111103
Healthy(142).jpg,D:\PRSV Project\Original Images\Healthy(142).jpg,.jpg,88227
Healthy(143).jpg,D:\PRSV Project\Original Images\Healthy(143).jpg,.jpg,86639
Healthy(144).jpg,D:\PRSV Project\Original Images\Healthy(144).jpg,.jpg,85563
Healthy(145).jpg,D:\PRSV Project\Original Images\Healthy(145).jpg,.jpg,81305
Healthy(146).jpg,D:\PRSV Project\Original Images\Healthy(146).jpg,.jpg,93397
Healthy(147).jpg,D:\PRSV Project\Original Images\Healthy(147).jpg,.jpg,83952
Healthy(148).jpg,D:\PRSV Project\Original Images\Healthy(148).jpg,.jpg,95018
Healthy(149).jpg,D:\PRSV Project\Original Images\Healthy(149).jpg,.jpg,87201
Healthy(15).jpg,D:\PRSV Project\Original Images\Healthy(15).jpg,.jpg,127530
Healthy(150).jpg,D:\PRSV Project\Original Images\Healthy(150).jpg,.jpg,128064
Healthy(151).jpg,D:\PRSV Project\Original Images\Healthy(151).jpg,.jpg,117899
Healthy(152).jpg,D:\PRSV Project\Original Images\Healthy(152).jpg,.jpg,90464
Healthy(153).jpg,D:\PRSV Project\Original Images\Healthy(153).jpg,.jpg,108875
Healthy(154).jpg,D:\PRSV Project\Original Images\Healthy(154).jpg,.jpg,88133
Healthy(155).jpg,D:\PRSV Project\Original Images\Healthy(155).jpg,.jpg,101261
Healthy(156).jpg,D:\PRSV Project\Original Images\Healthy(156).jpg,.jpg,95540
Healthy(157).jpg,D:\PRSV Project\Original Images\Healthy(157).jpg,.jpg,127279
Healthy(158).jpg,D:\PRSV Project\Original Images\Healthy(158).jpg,.jpg,104019
Healthy(159).jpg,D:\PRSV Project\Original Images\Healthy(159).jpg,.jpg,106139
Healthy(16).jpg,D:\PRSV Project\Original Images\Healthy(16).jpg,.jpg,121562
Healthy(160).jpg,D:\PRSV Project\Original Images\Healthy(160).jpg,.jpg,94011
Healthy(161).jpg,D:\PRSV Project\Original Images\Healthy(161).jpg,.jpg,115500
Healthy(162).jpg,D:\PRSV Project\Original Images\Healthy(162).jpg,.jpg,109223
Healthy(163).jpg,D:\PRSV Project\Original Images\Healthy(163).jpg,.jpg,114646
Healthy(164).jpg,D:\PRSV Project\Original Images\Healthy(164).jpg,.jpg,112251
Healthy(165).jpg,D:\PRSV Project\Original Images\Healthy(165).jpg,.jpg,113414
Healthy(166).jpg,D:\PRSV Project\Original Images\Healthy(166).jpg,.jpg,132482
Healthy(167).jpg,D:\PRSV Project\Original Images\Healthy(167).jpg,.jpg,111783
Healthy(168).jpg,D:\PRSV Project\Original Images\Healthy(168).jpg,.jpg,120785
Healthy(169).jpg,D:\PRSV Project\Original Images\Healthy(169).jpg,.jpg,112329
Healthy(17).jpg,D:\PRSV Project\Original Images\Healthy(17).jpg,.jpg,119034
Healthy(170).jpg,D:\PRSV Project\Original Images\Healthy(170).jpg,.jpg,97757
Healthy(171).jpg,D:\PRSV Project\Original Images\Healthy(171).jpg,.jpg,104173
Healthy(172).jpg,D:\PRSV Project\Original Images\Healthy(172).jpg,.jpg,95768
Healthy(173).jpg,D:\PRSV Project\Original Images\Healthy(173).jpg,.jpg,93269
Healthy(174).jpg,D:\PRSV Project\Original Images\Healthy(174).jpg,.jpg,86831
Healthy(175).jpg,D:\PRSV Project\Original Images\Healthy(175).jpg,.jpg,101566
Healthy(176).jpg,D:\PRSV Project\Original Images\Healthy(176).jpg,.jpg,98867
Healthy(177).jpg,D:\PRSV Project\Original Images\Healthy(177).jpg,.jpg,90310
Healthy(178).jpg,D:\PRSV Project\Original Images\Healthy(178).jpg,.jpg,104969
Healthy(179).jpg,D:\PRSV Project\Original Images\Healthy(179).jpg,.jpg,88586
Healthy(18).jpg,D:\PRSV Project\Original Images\Healthy(18).jpg,.jpg,120224
Healthy(180).jpg,D:\PRSV Project\Original Images\Healthy(180).jpg,.jpg,113885
Healthy(181).jpg,D:\PRSV Project\Original Images\Healthy(181).jpg,.jpg,87000
Healthy(182).jpg,D:\PRSV Project\Original Images\Healthy(182).jpg,.jpg,91139
Healthy(183).jpg,D:\PRSV Project\Original Images\Healthy(183).jpg,.jpg,111651
Healthy(184).jpg,D:\PRSV Project\Original Images\Healthy(184).jpg,.jpg,117044
Healthy(185).jpg,D:\PRSV Project\Original Images\Healthy(185).jpg,.jpg,102074
Healthy(186).jpg,D:\PRSV Project\Original Images\Healthy(186).jpg,.jpg,114887
Healthy(187).jpg,D:\PRSV Project\Original Images\Healthy(187).jpg,.jpg,85207
Healthy(188).jpg,D:\PRSV Project\Original Images\Healthy(188).jpg,.jpg,105272
Healthy(189).jpg,D:\PRSV Project\Original Images\Healthy(189).jpg,.jpg,116096
Healthy(19).jpg,D:\PRSV Project\Original Images\Healthy(19).jpg,.jpg,142146
Healthy(190).jpg,D:\PRSV Project\Original Images\Healthy(190).jpg,.jpg,87360
Healthy(191).jpg,D:\PRSV Project\Original Images\Healthy(191).jpg,.jpg,97263
Healthy(192).jpg,D:\PRSV Project\Original Images\Healthy(192).jpg,.jpg,105870
Healthy(193).jpg,D:\PRSV Project\Original Images\Healthy(193).jpg,.jpg,88732
Healthy(194).jpg,D:\PRSV Project\Original Images\Healthy(194).jpg,.jpg,117209
Healthy(195).jpg,D:\PRSV Project\Original Images\Healthy(195).jpg,.jpg,131205
Healthy(196).jpg,D:\PRSV Project\Original Images\Healthy(196).jpg,.jpg,124146
Healthy(197).jpg,D:\PRSV Project\Original Images\Healthy(197).jpg,.jpg,113791
Healthy(198).jpg,D:\PRSV Project\Original Images\Healthy(198).jpg,.jpg,122085
Healthy(199).jpg,D:\PRSV Project\Original Images\Healthy(199).jpg,.jpg,104097
Healthy(2).jpg,D:\PRSV Project\Original Images\Healthy(2).jpg,.jpg,129961
Healthy(20).jpg,D:\PRSV Project\Original Images\Healthy(20).jpg,.jpg,119755
Healthy(200).jpg,D:\PRSV Project\Original Images\Healthy(200).jpg,.jpg,89082
Healthy(201).jpg,D:\PRSV Project\Original Images\Healthy(201).jpg,.jpg,91050
Healthy(202).jpg,D:\PRSV Project\Original Images\Healthy(202).jpg,.jpg,97931
Healthy(203).jpg,D:\PRSV Project\Original Images\Healthy(203).jpg,.jpg,108951
Healthy(204).jpg,D:\PRSV Project\Original Images\Healthy(204).jpg,.jpg,100268
Healthy(205).jpg,D:\PRSV Project\Original Images\Healthy(205).jpg,.jpg,86753
Healthy(206).jpg,D:\PRSV Project\Original Images\Healthy(206).jpg,.jpg,79692
Healthy(207).jpg,D:\PRSV Project\Original Images\Healthy(207).jpg,.jpg,92866
Healthy(208).jpg,D:\PRSV Project\Original Images\Healthy(208).jpg,.jpg,64907
Healthy(209).jpg,D:\PRSV Project\Original Images\Healthy(209).jpg,.jpg,82741
Healthy(21).jpg,D:\PRSV Project\Original Images\Healthy(21).jpg,.jpg,106705
Healthy(210).jpg,D:\PRSV Project\Original Images\Healthy(210).jpg,.jpg,113818
Healthy(211).jpg,D:\PRSV Project\Original Images\Healthy(211).jpg,.jpg,106614
Healthy(212).jpg,D:\PRSV Project\Original Images\Healthy(212).jpg,.jpg,106895
Healthy(213).jpg,D:\PRSV Project\Original Images\Healthy(213).jpg,.jpg,147676
Healthy(214).jpg,D:\PRSV Project\Original Images\Healthy(214).jpg,.jpg,105272
Healthy(215).jpg,D:\PRSV Project\Original Images\Healthy(215).jpg,.jpg,105943
Healthy(216).jpg,D:\PRSV Project\Original Images\Healthy(216).jpg,.jpg,128963
Healthy(217).jpg,D:\PRSV Project\Original Images\Healthy(217).jpg,.jpg,117904
Healthy(218).jpg,D:\PRSV Project\Original Images\Healthy(218).jpg,.jpg,104136
Healthy(219).jpg,D:\PRSV Project\Original Images\Healthy(219).jpg,.jpg,101518
Healthy(22).jpg,D:\PRSV Project\Original Images\Healthy(22).jpg,.jpg,140733
Healthy(220).jpg,D:\PRSV Project\Original Images\Healthy(220).jpg,.jpg,117469
Healthy(221).jpg,D:\PRSV Project\Original Images\Healthy(221).jpg,.jpg,90823
Healthy(222).jpg,D:\PRSV Project\Original Images\Healthy(222).jpg,.jpg,107534
Healthy(223).jpg,D:\PRSV Project\Original Images\Healthy(223).jpg,.jpg,100182
Healthy(224).jpg,D:\PRSV Project\Original Images\Healthy(224).jpg,.jpg,144507
Healthy(225).jpg,D:\PRSV Project\Original Images\Healthy(225).jpg,.jpg,86027
Healthy(226).jpg,D:\PRSV Project\Original Images\Healthy(226).jpg,.jpg,93472
Healthy(227).jpg,D:\PRSV Project\Original Images\Healthy(227).jpg,.jpg,84646
Healthy(228).jpg,D:\PRSV Project\Original Images\Healthy(228).jpg,.jpg,75148
Healthy(23).jpg,D:\PRSV Project\Original Images\Healthy(23).jpg,.jpg,127641
Healthy(24).jpg,D:\PRSV Project\Original Images\Healthy(24).jpg,.jpg,121449
Healthy(25).jpg,D:\PRSV Project\Original Images\Healthy(25).jpg,.jpg,142503
Healthy(26).jpg,D:\PRSV Project\Original Images\Healthy(26).jpg,.jpg,132506
Healthy(27).jpg,D:\PRSV Project\Original Images\Healthy(27).jpg,.jpg,112315
Healthy(28).jpg,D:\PRSV Project\Original Images\Healthy(28).jpg,.jpg,124380
Healthy(29).jpg,D:\PRSV Project\Original Images\Healthy(29).jpg,.jpg,115879
Healthy(3).jpg,D:\PRSV Project\Original Images\Healthy(3).jpg,.jpg,146049
Healthy(30).jpg,D:\PRSV Project\Original Images\Healthy(30).jpg,.jpg,129723
Healthy(31).jpg,D:\PRSV Project\Original Images\Healthy(31).jpg,.jpg,137419
Healthy(32).jpg,D:\PRSV Project\Original Images\Healthy(32).jpg,.jpg,178898
Healthy(33).jpg,D:\PRSV Project\Original Images\Healthy(33).jpg,.jpg,186899
Healthy(34).jpg,D:\PRSV Project\Original Images\Healthy(34).jpg,.jpg,213471
Healthy(35).jpg,D:\PRSV Project\Original Images\Healthy(35).jpg,.jpg,137515
Healthy(36).jpg,D:\PRSV Project\Original Images\Healthy(36).jpg,.jpg,129961
Healthy(37).jpg,D:\PRSV Project\Original Images\Healthy(37).jpg,.jpg,146049
Healthy(38).jpg,D:\PRSV Project\Original Images\Healthy(38).jpg,.jpg,133457
Healthy(39).jpg,D:\PRSV Project\Original Images\Healthy(39).jpg,.jpg,120108
Healthy(4).jpg,D:\PRSV Project\Original Images\Healthy(4).jpg,.jpg,133457
Healthy(40).jpg,D:\PRSV Project\Original Images\Healthy(40).jpg,.jpg,152123
Healthy(41).jpg,D:\PRSV Project\Original Images\Healthy(41).jpg,.jpg,146855
Healthy(42).jpg,D:\PRSV Project\Original Images\Healthy(42).jpg,.jpg,151513
Healthy(43).jpg,D:\PRSV Project\Original Images\Healthy(43).jpg,.jpg,129927
Healthy(44).jpg,D:\PRSV Project\Original Images\Healthy(44).jpg,.jpg,152487
Healthy(45).jpg,D:\PRSV Project\Original Images\Healthy(45).jpg,.jpg,115055
Healthy(46).jpg,D:\PRSV Project\Original Images\Healthy(46).jpg,.jpg,149437
Healthy(47).jpg,D:\PRSV Project\Original Images\Healthy(47).jpg,.jpg,145853
Healthy(48).jpg,D:\PRSV Project\Original Images\Healthy(48).jpg,.jpg,122650
Healthy(49).jpg,D:\PRSV Project\Original Images\Healthy(49).jpg,.jpg,127530
Healthy(5).jpg,D:\PRSV Project\Original Images\Healthy(5).jpg,.jpg,120108
Healthy(50).jpg,D:\PRSV Project\Original Images\Healthy(50).jpg,.jpg,121562
Healthy(51).jpg,D:\PRSV Project\Original Images\Healthy(51).jpg,.jpg,119034
Healthy(52).jpg,D:\PRSV Project\Original Images\Healthy(52).jpg,.jpg,120224
Healthy(53).jpg,D:\PRSV Project\Original Images\Healthy(53).jpg,.jpg,142146
Healthy(54).jpg,D:\PRSV Project\Original Images\Healthy(54).jpg,.jpg,119755
Healthy(55).jpg,D:\PRSV Project\Original Images\Healthy(55).jpg,.jpg,106705
Healthy(56).jpg,D:\PRSV Project\Original Images\Healthy(56).jpg,.jpg,140733
Healthy(57).jpg,D:\PRSV Project\Original Images\Healthy(57).jpg,.jpg,127641
Healthy(58).jpg,D:\PRSV Project\Original Images\Healthy(58).jpg,.jpg,121449
Healthy(59).jpg,D:\PRSV Project\Original Images\Healthy(59).jpg,.jpg,142503
Healthy(6).jpg,D:\PRSV Project\Original Images\Healthy(6).jpg,.jpg,152123
Healthy(60).jpg,D:\PRSV Project\Original Images\Healthy(60).jpg,.jpg,132506
Healthy(61).jpg,D:\PRSV Project\Original Images\Healthy(61).jpg,.jpg,112315
Healthy(62).jpg,D:\PRSV Project\Original Images\Healthy(62).jpg,.jpg,124380
Healthy(63).jpg,D:\PRSV Project\Original Images\Healthy(63).jpg,.jpg,115879
Healthy(64).jpg,D:\PRSV Project\Original Images\Healthy(64).jpg,.jpg,129723
Healthy(65).jpg,D:\PRSV Project\Original Images\Healthy(65).jpg,.jpg,137419
Healthy(66).jpg,D:\PRSV Project\Original Images\Healthy(66).jpg,.jpg,114201
Healthy(67).jpg,D:\PRSV Project\Original Images\Healthy(67).jpg,.jpg,115028
Healthy(68).jpg,D:\PRSV Project\Original Images\Healthy(68).jpg,.jpg,94315
Healthy(69).jpg,D:\PRSV Project\Original Images\Healthy(69).jpg,.jpg,107825
Healthy(7).jpg,D:\PRSV Project\Original Images\Healthy(7).jpg,.jpg,146855
Healthy(70).jpg,D:\PRSV Project\Original Images\Healthy(70).jpg,.jpg,103931
Healthy(71).jpg,D:\PRSV Project\Original Images\Healthy(71).jpg,.jpg,114701
Healthy(72).jpg,D:\PRSV Project\Original Images\Healthy(72).jpg,.jpg,104915
Healthy(73).jpg,D:\PRSV Project\Original Images\Healthy(73).jpg,.jpg,113535
Healthy(74).jpg,D:\PRSV Project\Original Images\Healthy(74).jpg,.jpg,119604
Healthy(75).jpg,D:\PRSV Project\Original Images\Healthy(75).jpg,.jpg,125467
Healthy(76).jpg,D:\PRSV Project\Original Images\Healthy(76).jpg,.jpg,120272
Healthy(77).jpg,D:\PRSV Project\Original Images\Healthy(77).jpg,.jpg,100934
Healthy(78).jpg,D:\PRSV Project\Original Images\Healthy(78).jpg,.jpg,131801
Healthy(79).jpg,D:\PRSV Project\Original Images\Healthy(79).jpg,.jpg,115090
Healthy(8).jpg,D:\PRSV Project\Original Images\Healthy(8).jpg,.jpg,151513
Healthy(80).jpg,D:\PRSV Project\Original Images\Healthy(80).jpg,.jpg,125742
Healthy(81).jpg,D:\PRSV Project\Original Images\Healthy(81).jpg,.jpg,132027
Healthy(82).jpg,D:\PRSV Project\Original Images\Healthy(82).jpg,.jpg,113047
Healthy(83).jpg,D:\PRSV Project\Original Images\Healthy(83).jpg,.jpg,107846
Healthy(84).jpg,D:\PRSV Project\Original Images\Healthy(84).jpg,.jpg,105279
Healthy(85).jpg,D:\PRSV Project\Original Images\Healthy(85).jpg,.jpg,99638
Healthy(86).jpg,D:\PRSV Project\Original Images\Healthy(86).jpg,.jpg,100242
Healthy(87).jpg,D:\PRSV Project\Original Images\Healthy(87).jpg,.jpg,109471
Healthy(88).jpg,D:\PRSV Project\Original Images\Healthy(88).jpg,.jpg,156217
Healthy(89).jpg,D:\PRSV Project\Original Images\Healthy(89).jpg,.jpg,110606
Healthy(9).jpg,D:\PRSV Project\Original Images\Healthy(9).jpg,.jpg,129927
Healthy(90).jpg,D:\PRSV Project\Original Images\Healthy(90).jpg,.jpg,89884
Healthy(91).jpg,D:\PRSV Project\Original Images\Healthy(91).jpg,.jpg,97001
Healthy(92).jpg,D:\PRSV Project\Original Images\Healthy(92).jpg,.jpg,96987
Healthy(93).jpg,D:\PRSV Project\Original Images\Healthy(93).jpg,.jpg,102515
Healthy(94).jpg,D:\PRSV Project\Original Images\Healthy(94).jpg,.jpg,103578
Healthy(95).jpg,D:\PRSV Project\Original Images\Healthy(95).jpg,.jpg,99540
Healthy(96).jpg,D:\PRSV Project\Original Images\Healthy(96).jpg,.jpg,121142
Healthy(97).jpg,D:\PRSV Project\Original Images\Healthy(97).jpg,.jpg,117023
Healthy(98).jpg,D:\PRSV Project\Original Images\Healthy(98).jpg,.jpg,106958
Healthy(99).jpg,D:\PRSV Project\Original Images\Healthy(99).jpg,.jpg,90351
RingSpot(1).jpg,D:\PRSV Project\Original Images\RingSpot(1).jpg,.jpg,105372
RingSpot(10).jpg,D:\PRSV Project\Original Images\RingSpot(10).jpg,.jpg,93994
RingSpot(100).jpg,D:\PRSV Project\Original Images\RingSpot(100).jpg,.jpg,85860
RingSpot(101).jpg,D:\PRSV Project\Original Images\RingSpot(101).jpg,.jpg,93032
RingSpot(102).jpg,D:\PRSV Project\Original Images\RingSpot(102).jpg,.jpg,82171
RingSpot(103).jpg,D:\PRSV Project\Original Images\RingSpot(103).jpg,.jpg,82673
RingSpot(104).jpg,D:\PRSV Project\Original Images\RingSpot(104).jpg,.jpg,91742
RingSpot(105).jpg,D:\PRSV Project\Original Images\RingSpot(105).jpg,.jpg,77197
RingSpot(106).jpg,D:\PRSV Project\Original Images\RingSpot(106).jpg,.jpg,95611
RingSpot(107).jpg,D:\PRSV Project\Original Images\RingSpot(107).jpg,.jpg,81489
RingSpot(108).jpg,D:\PRSV Project\Original Images\RingSpot(108).jpg,.jpg,92770
RingSpot(109).jpg,D:\PRSV Project\Original Images\RingSpot(109).jpg,.jpg,86472
RingSpot(11).jpg,D:\PRSV Project\Original Images\RingSpot(11).jpg,.jpg,80632
RingSpot(110).jpg,D:\PRSV Project\Original Images\RingSpot(110).jpg,.jpg,88740
RingSpot(111).jpg,D:\PRSV Project\Original Images\RingSpot(111).jpg,.jpg,82483
RingSpot(112).jpg,D:\PRSV Project\Original Images\RingSpot(112).jpg,.jpg,80847
RingSpot(113).jpg,D:\PRSV Project\Original Images\RingSpot(113).jpg,.jpg,84899
RingSpot(114).jpg,D:\PRSV Project\Original Images\RingSpot(114).jpg,.jpg,78665
RingSpot(115).jpg,D:\PRSV Project\Original Images\RingSpot(115).jpg,.jpg,90599
RingSpot(116).jpg,D:\PRSV Project\Original Images\RingSpot(116).jpg,.jpg,78872
RingSpot(117).jpg,D:\PRSV Project\Original Images\RingSpot(117).jpg,.jpg,87127
RingSpot(118).jpg,D:\PRSV Project\Original Images\RingSpot(118).jpg,.jpg,79054
RingSpot(119).jpg,D:\PRSV Project\Original Images\RingSpot(119).jpg,.jpg,87281
RingSpot(12).jpg,D:\PRSV Project\Original Images\RingSpot(12).jpg,.jpg,94906
RingSpot(120).jpg,D:\PRSV Project\Original Images\RingSpot(120).jpg,.jpg,76608
RingSpot(121).jpg,D:\PRSV Project\Original Images\RingSpot(121).jpg,.jpg,74520
RingSpot(122).jpg,D:\PRSV Project\Original Images\RingSpot(122).jpg,.jpg,86964
RingSpot(123).jpg,D:\PRSV Project\Original Images\RingSpot(123).jpg,.jpg,70012
RingSpot(124).jpg,D:\PRSV Project\Original Images\RingSpot(124).jpg,.jpg,86158
RingSpot(125).jpg,D:\PRSV Project\Original Images\RingSpot(125).jpg,.jpg,80767
RingSpot(126).jpg,D:\PRSV Project\Original Images\RingSpot(126).jpg,.jpg,74997
RingSpot(127).jpg,D:\PRSV Project\Original Images\RingSpot(127).jpg,.jpg,73047
RingSpot(128).jpg,D:\PRSV Project\Original Images\RingSpot(128).jpg,.jpg,87783
RingSpot(129).jpg,D:\PRSV Project\Original Images\RingSpot(129).jpg,.jpg,88229
RingSpot(13).jpg,D:\PRSV Project\Original Images\RingSpot(13).jpg,.jpg,109625
RingSpot(130).jpg,D:\PRSV Project\Original Images\RingSpot(130).jpg,.jpg,83627
RingSpot(131).jpg,D:\PRSV Project\Original Images\RingSpot(131).jpg,.jpg,87836
RingSpot(132).jpg,D:\PRSV Project\Original Images\RingSpot(132).jpg,.jpg,81620
RingSpot(133).jpg,D:\PRSV Project\Original Images\RingSpot(133).jpg,.jpg,88139
RingSpot(134).jpg,D:\PRSV Project\Original Images\RingSpot(134).jpg,.jpg,96934
RingSpot(135).jpg,D:\PRSV Project\Original Images\RingSpot(135).jpg,.jpg,79774
RingSpot(136).jpg,D:\PRSV Project\Original Images\RingSpot(136).jpg,.jpg,72793
RingSpot(137).jpg,D:\PRSV Project\Original Images\RingSpot(137).jpg,.jpg,85195
RingSpot(138).jpg,D:\PRSV Project\Original Images\RingSpot(138).jpg,.jpg,93470
RingSpot(139).jpg,D:\PRSV Project\Original Images\RingSpot(139).jpg,.jpg,93895
RingSpot(14).jpg,D:\PRSV Project\Original Images\RingSpot(14).jpg,.jpg,91655
RingSpot(140).jpg,D:\PRSV Project\Original Images\RingSpot(140).jpg,.jpg,96222
RingSpot(141).jpg,D:\PRSV Project\Original Images\RingSpot(141).jpg,.jpg,80317
RingSpot(142).jpg,D:\PRSV Project\Original Images\RingSpot(142).jpg,.jpg,73868
RingSpot(143).jpg,D:\PRSV Project\Original Images\RingSpot(143).jpg,.jpg,82562
RingSpot(144).jpg,D:\PRSV Project\Original Images\RingSpot(144).jpg,.jpg,85176
RingSpot(145).jpg,D:\PRSV Project\Original Images\RingSpot(145).jpg,.jpg,94290
RingSpot(146).jpg,D:\PRSV Project\Original Images\RingSpot(146).jpg,.jpg,93488
RingSpot(147).jpg,D:\PRSV Project\Original Images\RingSpot(147).jpg,.jpg,93051
RingSpot(148).jpg,D:\PRSV Project\Original Images\RingSpot(148).jpg,.jpg,91910
RingSpot(149).jpg,D:\PRSV Project\Original Images\RingSpot(149).jpg,.jpg,89071
RingSpot(15).jpg,D:\PRSV Project\Original Images\RingSpot(15).jpg,.jpg,90506
RingSpot(150).jpg,D:\PRSV Project\Original Images\RingSpot(150).jpg,.jpg,105575
RingSpot(151).jpg,D:\PRSV Project\Original Images\RingSpot(151).jpg,.jpg,96264
RingSpot(152).jpg,D:\PRSV Project\Original Images\RingSpot(152).jpg,.jpg,86977
RingSpot(153).jpg,D:\PRSV Project\Original Images\RingSpot(153).jpg,.jpg,88493
RingSpot(154).jpg,D:\PRSV Project\Original Images\RingSpot(154).jpg,.jpg,100844
RingSpot(155).jpg,D:\PRSV Project\Original Images\RingSpot(155).jpg,.jpg,73748
RingSpot(156).jpg,D:\PRSV Project\Original Images\RingSpot(156).jpg,.jpg,84272
RingSpot(157).jpg,D:\PRSV Project\Original Images\RingSpot(157).jpg,.jpg,87756
RingSpot(158).jpg,D:\PRSV Project\Original Images\RingSpot(158).jpg,.jpg,77391
RingSpot(159).jpg,D:\PRSV Project\Original Images\RingSpot(159).jpg,.jpg,91619
RingSpot(16).jpg,D:\PRSV Project\Original Images\RingSpot(16).jpg,.jpg,79245
RingSpot(160).jpg,D:\PRSV Project\Original Images\RingSpot(160).jpg,.jpg,79517
RingSpot(161).jpg,D:\PRSV Project\Original Images\RingSpot(161).jpg,.jpg,102516
RingSpot(162).jpg,D:\PRSV Project\Original Images\RingSpot(162).jpg,.jpg,113841
RingSpot(163).jpg,D:\PRSV Project\Original Images\RingSpot(163).jpg,.jpg,111092
RingSpot(164).jpg,D:\PRSV Project\Original Images\RingSpot(164).jpg,.jpg,89167
RingSpot(165).jpg,D:\PRSV Project\Original Images\RingSpot(165).jpg,.jpg,98986
RingSpot(166).jpg,D:\PRSV Project\Original Images\RingSpot(166).jpg,.jpg,106661
RingSpot(167).jpg,D:\PRSV Project\Original Images\RingSpot(167).jpg,.jpg,93750
RingSpot(168).jpg,D:\PRSV Project\Original Images\RingSpot(168).jpg,.jpg,85843
RingSpot(169).jpg,D:\PRSV Project\Original Images\RingSpot(169).jpg,.jpg,104450
RingSpot(17).jpg,D:\PRSV Project\Original Images\RingSpot(17).jpg,.jpg,84293
RingSpot(170).jpg,D:\PRSV Project\Original Images\RingSpot(170).jpg,.jpg,108048
RingSpot(171).jpg,D:\PRSV Project\Original Images\RingSpot(171).jpg,.jpg,110909
RingSpot(172).jpg,D:\PRSV Project\Original Images\RingSpot(172).jpg,.jpg,120939
RingSpot(173).jpg,D:\PRSV Project\Original Images\RingSpot(173).jpg,.jpg,88842
RingSpot(174).jpg,D:\PRSV Project\Original Images\RingSpot(174).jpg,.jpg,57995
RingSpot(175).jpg,D:\PRSV Project\Original Images\RingSpot(175).jpg,.jpg,92083
RingSpot(176).jpg,D:\PRSV Project\Original Images\RingSpot(176).jpg,.jpg,108876
RingSpot(177).jpg,D:\PRSV Project\Original Images\RingSpot(177).jpg,.jpg,99012
RingSpot(178).jpg,D:\PRSV Project\Original Images\RingSpot(178).jpg,.jpg,69592
RingSpot(179).jpg,D:\PRSV Project\Original Images\RingSpot(179).jpg,.jpg,99643
RingSpot(18).jpg,D:\PRSV Project\Original Images\RingSpot(18).jpg,.jpg,94856
RingSpot(180).jpg,D:\PRSV Project\Original Images\RingSpot(180).jpg,.jpg,96838
RingSpot(181).jpg,D:\PRSV Project\Original Images\RingSpot(181).jpg,.jpg,67560
RingSpot(182).jpg,D:\PRSV Project\Original Images\RingSpot(182).jpg,.jpg,81075
RingSpot(183).jpg,D:\PRSV Project\Original Images\RingSpot(183).jpg,.jpg,63147
RingSpot(184).jpg,D:\PRSV Project\Original Images\RingSpot(184).jpg,.jpg,92453
RingSpot(185).jpg,D:\PRSV Project\Original Images\RingSpot(185).jpg,.jpg,79127
RingSpot(186).jpg,D:\PRSV Project\Original Images\RingSpot(186).jpg,.jpg,87494
RingSpot(187).jpg,D:\PRSV Project\Original Images\RingSpot(187).jpg,.jpg,61533
RingSpot(188).jpg,D:\PRSV Project\Original Images\RingSpot(188).jpg,.jpg,80270
RingSpot(189).jpg,D:\PRSV Project\Original Images\RingSpot(189).jpg,.jpg,90592
RingSpot(19).jpg,D:\PRSV Project\Original Images\RingSpot(19).jpg,.jpg,71109
RingSpot(190).jpg,D:\PRSV Project\Original Images\RingSpot(190).jpg,.jpg,103785
RingSpot(191).jpg,D:\PRSV Project\Original Images\RingSpot(191).jpg,.jpg,114702
RingSpot(192).jpg,D:\PRSV Project\Original Images\RingSpot(192).jpg,.jpg,98054
RingSpot(193).jpg,D:\PRSV Project\Original Images\RingSpot(193).jpg,.jpg,84290
RingSpot(194).jpg,D:\PRSV Project\Original Images\RingSpot(194).jpg,.jpg,75728
RingSpot(195).jpg,D:\PRSV Project\Original Images\RingSpot(195).jpg,.jpg,106627
RingSpot(196).jpg,D:\PRSV Project\Original Images\RingSpot(196).jpg,.jpg,73756
RingSpot(197).jpg,D:\PRSV Project\Original Images\RingSpot(197).jpg,.jpg,102880
RingSpot(198).jpg,D:\PRSV Project\Original Images\RingSpot(198).jpg,.jpg,101832
RingSpot(199).jpg,D:\PRSV Project\Original Images\RingSpot(199).jpg,.jpg,89804
RingSpot(2).jpg,D:\PRSV Project\Original Images\RingSpot(2).jpg,.jpg,105200
RingSpot(20).jpg,D:\PRSV Project\Original Images\RingSpot(20).jpg,.jpg,81068
RingSpot(200).jpg,D:\PRSV Project\Original Images\RingSpot(200).jpg,.jpg,111873
RingSpot(201).jpg,D:\PRSV Project\Original Images\RingSpot(201).jpg,.jpg,98043
RingSpot(202).jpg,D:\PRSV Project\Original Images\RingSpot(202).jpg,.jpg,80904
RingSpot(203).jpg,D:\PRSV Project\Original Images\RingSpot(203).jpg,.jpg,90040
RingSpot(204).jpg,D:\PRSV Project\Original Images\RingSpot(204).jpg,.jpg,87960
RingSpot(205).jpg,D:\PRSV Project\Original Images\RingSpot(205).jpg,.jpg,102081
RingSpot(206).jpg,D:\PRSV Project\Original Images\RingSpot(206).jpg,.jpg,107995
RingSpot(207).jpg,D:\PRSV Project\Original Images\RingSpot(207).jpg,.jpg,83607
RingSpot(208).jpg,D:\PRSV Project\Original Images\RingSpot(208).jpg,.jpg,97564
RingSpot(209).jpg,D:\PRSV Project\Original Images\RingSpot(209).jpg,.jpg,96566
RingSpot(21).jpg,D:\PRSV Project\Original Images\RingSpot(21).jpg,.jpg,105521
RingSpot(210).jpg,D:\PRSV Project\Original Images\RingSpot(210).jpg,.jpg,87111
RingSpot(211).jpg,D:\PRSV Project\Original Images\RingSpot(211).jpg,.jpg,86960
RingSpot(212).jpg,D:\PRSV Project\Original Images\RingSpot(212).jpg,.jpg,65377
RingSpot(213).jpg,D:\PRSV Project\Original Images\RingSpot(213).jpg,.jpg,110211
RingSpot(214).jpg,D:\PRSV Project\Original Images\RingSpot(214).jpg,.jpg,76434
RingSpot(215).jpg,D:\PRSV Project\Original Images\RingSpot(215).jpg,.jpg,62967
RingSpot(216).jpg,D:\PRSV Project\Original Images\RingSpot(216).jpg,.jpg,70727
RingSpot(217).jpg,D:\PRSV Project\Original Images\RingSpot(217).jpg,.jpg,75514
RingSpot(218).jpg,D:\PRSV Project\Original Images\RingSpot(218).jpg,.jpg,76043
RingSpot(219).jpg,D:\PRSV Project\Original Images\RingSpot(219).jpg,.jpg,84744
RingSpot(22).jpg,D:\PRSV Project\Original Images\RingSpot(22).jpg,.jpg,84218
RingSpot(220).jpg,D:\PRSV Project\Original Images\RingSpot(220).jpg,.jpg,69017
RingSpot(221).jpg,D:\PRSV Project\Original Images\RingSpot(221).jpg,.jpg,75689
RingSpot(222).jpg,D:\PRSV Project\Original Images\RingSpot(222).jpg,.jpg,74593
RingSpot(223).jpg,D:\PRSV Project\Original Images\RingSpot(223).jpg,.jpg,93793
RingSpot(224).jpg,D:\PRSV Project\Original Images\RingSpot(224).jpg,.jpg,100808
RingSpot(225).jpg,D:\PRSV Project\Original Images\RingSpot(225).jpg,.jpg,96744
RingSpot(226).jpg,D:\PRSV Project\Original Images\RingSpot(226).jpg,.jpg,92028
RingSpot(227).jpg,D:\PRSV Project\Original Images\RingSpot(227).jpg,.jpg,91140
RingSpot(228).jpg,D:\PRSV Project\Original Images\RingSpot(228).jpg,.jpg,94458
RingSpot(229).jpg,D:\PRSV Project\Original Images\RingSpot(229).jpg,.jpg,81774
RingSpot(23).jpg,D:\PRSV Project\Original Images\RingSpot(23).jpg,.jpg,98241
RingSpot(230).jpg,D:\PRSV Project\Original Images\RingSpot(230).jpg,.jpg,92482
RingSpot(231).jpg,D:\PRSV Project\Original Images\RingSpot(231).jpg,.jpg,74098
RingSpot(232).jpg,D:\PRSV Project\Original Images\RingSpot(232).jpg,.jpg,96378
RingSpot(233).jpg,D:\PRSV Project\Original Images\RingSpot(233).jpg,.jpg,79574
RingSpot(234).jpg,D:\PRSV Project\Original Images\RingSpot(234).jpg,.jpg,95251
RingSpot(235).jpg,D:\PRSV Project\Original Images\RingSpot(235).jpg,.jpg,77694
RingSpot(236).jpg,D:\PRSV Project\Original Images\RingSpot(236).jpg,.jpg,91418
RingSpot(237).jpg,D:\PRSV Project\Original Images\RingSpot(237).jpg,.jpg,85065
RingSpot(238).jpg,D:\PRSV Project\Original Images\RingSpot(238).jpg,.jpg,94910
RingSpot(239).jpg,D:\PRSV Project\Original Images\RingSpot(239).jpg,.jpg,85595
RingSpot(24).jpg,D:\PRSV Project\Original Images\RingSpot(24).jpg,.jpg,75394
RingSpot(240).jpg,D:\PRSV Project\Original Images\RingSpot(240).jpg,.jpg,106399
RingSpot(241).jpg,D:\PRSV Project\Original Images\RingSpot(241).jpg,.jpg,89176
RingSpot(242).jpg,D:\PRSV Project\Original Images\RingSpot(242).jpg,.jpg,86485
RingSpot(243).jpg,D:\PRSV Project\Original Images\RingSpot(243).jpg,.jpg,104195
RingSpot(244).jpg,D:\PRSV Project\Original Images\RingSpot(244).jpg,.jpg,98525
RingSpot(245).jpg,D:\PRSV Project\Original Images\RingSpot(245).jpg,.jpg,62938
RingSpot(246).jpg,D:\PRSV Project\Original Images\RingSpot(246).jpg,.jpg,96029
RingSpot(247).jpg,D:\PRSV Project\Original Images\RingSpot(247).jpg,.jpg,92752
RingSpot(248).jpg,D:\PRSV Project\Original Images\RingSpot(248).jpg,.jpg,97706
RingSpot(249).jpg,D:\PRSV Project\Original Images\RingSpot(249).jpg,.jpg,89434
RingSpot(25).jpg,D:\PRSV Project\Original Images\RingSpot(25).jpg,.jpg,75147
RingSpot(250).jpg,D:\PRSV Project\Original Images\RingSpot(250).jpg,.jpg,99228
RingSpot(251).jpg,D:\PRSV Project\Original Images\RingSpot(251).jpg,.jpg,91502
RingSpot(252).jpg,D:\PRSV Project\Original Images\RingSpot(252).jpg,.jpg,95803
RingSpot(253).jpg,D:\PRSV Project\Original Images\RingSpot(253).jpg,.jpg,95297
RingSpot(254).jpg,D:\PRSV Project\Original Images\RingSpot(254).jpg,.jpg,96189
RingSpot(255).jpg,D:\PRSV Project\Original Images\RingSpot(255).jpg,.jpg,105666
RingSpot(256).jpg,D:\PRSV Project\Original Images\RingSpot(256).jpg,.jpg,86105
RingSpot(257).jpg,D:\PRSV Project\Original Images\RingSpot(257).jpg,.jpg,104276
RingSpot(258).jpg,D:\PRSV Project\Original Images\RingSpot(258).jpg,.jpg,103844
RingSpot(259).jpg,D:\PRSV Project\Original Images\RingSpot(259).jpg,.jpg,89240
RingSpot(26).jpg,D:\PRSV Project\Original Images\RingSpot(26).jpg,.jpg,82072
RingSpot(260).jpg,D:\PRSV Project\Original Images\RingSpot(260).jpg,.jpg,93839
RingSpot(261).jpg,D:\PRSV Project\Original Images\RingSpot(261).jpg,.jpg,75873
RingSpot(262).jpg,D:\PRSV Project\Original Images\RingSpot(262).jpg,.jpg,98714
RingSpot(263).jpg,D:\PRSV Project\Original Images\RingSpot(263).jpg,.jpg,96060
RingSpot(264).jpg,D:\PRSV Project\Original Images\RingSpot(264).jpg,.jpg,88491
RingSpot(265).jpg,D:\PRSV Project\Original Images\RingSpot(265).jpg,.jpg,89100
RingSpot(266).jpg,D:\PRSV Project\Original Images\RingSpot(266).jpg,.jpg,84493
RingSpot(267).jpg,D:\PRSV Project\Original Images\RingSpot(267).jpg,.jpg,95447
RingSpot(268).jpg,D:\PRSV Project\Original Images\RingSpot(268).jpg,.jpg,92223
RingSpot(269).jpg,D:\PRSV Project\Original Images\RingSpot(269).jpg,.jpg,99234
RingSpot(27).jpg,D:\PRSV Project\Original Images\RingSpot(27).jpg,.jpg,89358
RingSpot(270).jpg,D:\PRSV Project\Original Images\RingSpot(270).jpg,.jpg,94407
RingSpot(271).jpg,D:\PRSV Project\Original Images\RingSpot(271).jpg,.jpg,91037
RingSpot(272).jpg,D:\PRSV Project\Original Images\RingSpot(272).jpg,.jpg,89377
RingSpot(273).jpg,D:\PRSV Project\Original Images\RingSpot(273).jpg,.jpg,100367
RingSpot(274).jpg,D:\PRSV Project\Original Images\RingSpot(274).jpg,.jpg,92036
RingSpot(275).jpg,D:\PRSV Project\Original Images\RingSpot(275).jpg,.jpg,81933
RingSpot(276).jpg,D:\PRSV Project\Original Images\RingSpot(276).jpg,.jpg,90710
RingSpot(277).jpg,D:\PRSV Project\Original Images\RingSpot(277).jpg,.jpg,92930
RingSpot(278).jpg,D:\PRSV Project\Original Images\RingSpot(278).jpg,.jpg,89573
RingSpot(279).jpg,D:\PRSV Project\Original Images\RingSpot(279).jpg,.jpg,85670
RingSpot(28).jpg,D:\PRSV Project\Original Images\RingSpot(28).jpg,.jpg,100676
RingSpot(280).jpg,D:\PRSV Project\Original Images\RingSpot(280).jpg,.jpg,87035
RingSpot(281).jpg,D:\PRSV Project\Original Images\RingSpot(281).jpg,.jpg,102501
RingSpot(282).jpg,D:\PRSV Project\Original Images\RingSpot(282).jpg,.jpg,105229
RingSpot(283).jpg,D:\PRSV Project\Original Images\RingSpot(283).jpg,.jpg,86915
RingSpot(284).jpg,D:\PRSV Project\Original Images\RingSpot(284).jpg,.jpg,86882
RingSpot(285).jpg,D:\PRSV Project\Original Images\RingSpot(285).jpg,.jpg,87425
RingSpot(286).jpg,D:\PRSV Project\Original Images\RingSpot(286).jpg,.jpg,100563
RingSpot(287).jpg,D:\PRSV Project\Original Images\RingSpot(287).jpg,.jpg,94202
RingSpot(288).jpg,D:\PRSV Project\Original Images\RingSpot(288).jpg,.jpg,88368
RingSpot(289).jpg,D:\PRSV Project\Original Images\RingSpot(289).jpg,.jpg,85965
RingSpot(29).jpg,D:\PRSV Project\Original Images\RingSpot(29).jpg,.jpg,95581
RingSpot(290).jpg,D:\PRSV Project\Original Images\RingSpot(290).jpg,.jpg,97581
RingSpot(291).jpg,D:\PRSV Project\Original Images\RingSpot(291).jpg,.jpg,73759
RingSpot(292).jpg,D:\PRSV Project\Original Images\RingSpot(292).jpg,.jpg,76160
RingSpot(293).jpg,D:\PRSV Project\Original Images\RingSpot(293).jpg,.jpg,95225
RingSpot(294).jpg,D:\PRSV Project\Original Images\RingSpot(294).jpg,.jpg,91258
RingSpot(295).jpg,D:\PRSV Project\Original Images\RingSpot(295).jpg,.jpg,92549
RingSpot(296).jpg,D:\PRSV Project\Original Images\RingSpot(296).jpg,.jpg,96386
RingSpot(297).jpg,D:\PRSV Project\Original Images\RingSpot(297).jpg,.jpg,79840
RingSpot(298).jpg,D:\PRSV Project\Original Images\RingSpot(298).jpg,.jpg,94424
RingSpot(299).jpg,D:\PRSV Project\Original Images\RingSpot(299).jpg,.jpg,102975
RingSpot(3).jpg,D:\PRSV Project\Original Images\RingSpot(3).jpg,.jpg,105806
RingSpot(30).jpg,D:\PRSV Project\Original Images\RingSpot(30).jpg,.jpg,90436
RingSpot(300).jpg,D:\PRSV Project\Original Images\RingSpot(300).jpg,.jpg,98335
RingSpot(301).jpg,D:\PRSV Project\Original Images\RingSpot(301).jpg,.jpg,97958
RingSpot(302).jpg,D:\PRSV Project\Original Images\RingSpot(302).jpg,.jpg,102917
RingSpot(303).jpg,D:\PRSV Project\Original Images\RingSpot(303).jpg,.jpg,99192
RingSpot(304).jpg,D:\PRSV Project\Original Images\RingSpot(304).jpg,.jpg,90360
RingSpot(305).jpg,D:\PRSV Project\Original Images\RingSpot(305).jpg,.jpg,76501
RingSpot(306).jpg,D:\PRSV Project\Original Images\RingSpot(306).jpg,.jpg,80573
RingSpot(307).jpg,D:\PRSV Project\Original Images\RingSpot(307).jpg,.jpg,71582
RingSpot(308).jpg,D:\PRSV Project\Original Images\RingSpot(308).jpg,.jpg,74272
RingSpot(309).jpg,D:\PRSV Project\Original Images\RingSpot(309).jpg,.jpg,77728
RingSpot(31).jpg,D:\PRSV Project\Original Images\RingSpot(31).jpg,.jpg,111143
RingSpot(310).jpg,D:\PRSV Project\Original Images\RingSpot(310).jpg,.jpg,71874
RingSpot(311).jpg,D:\PRSV Project\Original Images\RingSpot(311).jpg,.jpg,75458
RingSpot(312).jpg,D:\PRSV Project\Original Images\RingSpot(312).jpg,.jpg,73260
RingSpot(313).jpg,D:\PRSV Project\Original Images\RingSpot(313).jpg,.jpg,75046
RingSpot(314).jpg,D:\PRSV Project\Original Images\RingSpot(314).jpg,.jpg,77128
RingSpot(315).jpg,D:\PRSV Project\Original Images\RingSpot(315).jpg,.jpg,74685
RingSpot(316).jpg,D:\PRSV Project\Original Images\RingSpot(316).jpg,.jpg,87578
RingSpot(317).jpg,D:\PRSV Project\Original Images\RingSpot(317).jpg,.jpg,77081
RingSpot(318).jpg,D:\PRSV Project\Original Images\RingSpot(318).jpg,.jpg,84797
RingSpot(319).jpg,D:\PRSV Project\Original Images\RingSpot(319).jpg,.jpg,96521
RingSpot(32).jpg,D:\PRSV Project\Original Images\RingSpot(32).jpg,.jpg,114697
RingSpot(320).jpg,D:\PRSV Project\Original Images\RingSpot(320).jpg,.jpg,90866
RingSpot(321).jpg,D:\PRSV Project\Original Images\RingSpot(321).jpg,.jpg,85474
RingSpot(322).jpg,D:\PRSV Project\Original Images\RingSpot(322).jpg,.jpg,81019
RingSpot(323).jpg,D:\PRSV Project\Original Images\RingSpot(323).jpg,.jpg,78625
RingSpot(324).jpg,D:\PRSV Project\Original Images\RingSpot(324).jpg,.jpg,70257
RingSpot(325).jpg,D:\PRSV Project\Original Images\RingSpot(325).jpg,.jpg,82924
RingSpot(326).jpg,D:\PRSV Project\Original Images\RingSpot(326).jpg,.jpg,78778
RingSpot(327).jpg,D:\PRSV Project\Original Images\RingSpot(327).jpg,.jpg,79184
RingSpot(328).jpg,D:\PRSV Project\Original Images\RingSpot(328).jpg,.jpg,87586
RingSpot(329).jpg,D:\PRSV Project\Original Images\RingSpot(329).jpg,.jpg,90502
RingSpot(33).jpg,D:\PRSV Project\Original Images\RingSpot(33).jpg,.jpg,80749
RingSpot(330).jpg,D:\PRSV Project\Original Images\RingSpot(330).jpg,.jpg,84039
RingSpot(331).jpg,D:\PRSV Project\Original Images\RingSpot(331).jpg,.jpg,83906
RingSpot(332).jpg,D:\PRSV Project\Original Images\RingSpot(332).jpg,.jpg,83378
RingSpot(333).jpg,D:\PRSV Project\Original Images\RingSpot(333).jpg,.jpg,81192
RingSpot(334).jpg,D:\PRSV Project\Original Images\RingSpot(334).jpg,.jpg,81192
RingSpot(335).jpg,D:\PRSV Project\Original Images\RingSpot(335).jpg,.jpg,85955
RingSpot(336).jpg,D:\PRSV Project\Original Images\RingSpot(336).jpg,.jpg,80199
RingSpot(337).jpg,D:\PRSV Project\Original Images\RingSpot(337).jpg,.jpg,88782
RingSpot(338).jpg,D:\PRSV Project\Original Images\RingSpot(338).jpg,.jpg,95698
RingSpot(339).jpg,D:\PRSV Project\Original Images\RingSpot(339).jpg,.jpg,89304
RingSpot(34).jpg,D:\PRSV Project\Original Images\RingSpot(34).jpg,.jpg,83687
RingSpot(340).jpg,D:\PRSV Project\Original Images\RingSpot(340).jpg,.jpg,71324
RingSpot(341).jpg,D:\PRSV Project\Original Images\RingSpot(341).jpg,.jpg,81648
RingSpot(342).jpg,D:\PRSV Project\Original Images\RingSpot(342).jpg,.jpg,94792
RingSpot(343).jpg,D:\PRSV Project\Original Images\RingSpot(343).jpg,.jpg,77160
RingSpot(344).jpg,D:\PRSV Project\Original Images\RingSpot(344).jpg,.jpg,75605
RingSpot(345).jpg,D:\PRSV Project\Original Images\RingSpot(345).jpg,.jpg,76918
RingSpot(346).jpg,D:\PRSV Project\Original Images\RingSpot(346).jpg,.jpg,72828
RingSpot(347).jpg,D:\PRSV Project\Original Images\RingSpot(347).jpg,.jpg,90149
RingSpot(348).jpg,D:\PRSV Project\Original Images\RingSpot(348).jpg,.jpg,94017
RingSpot(349).jpg,D:\PRSV Project\Original Images\RingSpot(349).jpg,.jpg,81814
RingSpot(35).jpg,D:\PRSV Project\Original Images\RingSpot(35).jpg,.jpg,81261
RingSpot(350).jpg,D:\PRSV Project\Original Images\RingSpot(350).jpg,.jpg,98400
RingSpot(351).jpg,D:\PRSV Project\Original Images\RingSpot(351).jpg,.jpg,90000
RingSpot(352).jpg,D:\PRSV Project\Original Images\RingSpot(352).jpg,.jpg,95647
RingSpot(353).jpg,D:\PRSV Project\Original Images\RingSpot(353).jpg,.jpg,98590
RingSpot(354).jpg,D:\PRSV Project\Original Images\RingSpot(354).jpg,.jpg,93493
RingSpot(355).jpg,D:\PRSV Project\Original Images\RingSpot(355).jpg,.jpg,85646
RingSpot(356).jpg,D:\PRSV Project\Original Images\RingSpot(356).jpg,.jpg,89166
RingSpot(357).jpg,D:\PRSV Project\Original Images\RingSpot(357).jpg,.jpg,89836
RingSpot(358).jpg,D:\PRSV Project\Original Images\RingSpot(358).jpg,.jpg,103167
RingSpot(359).jpg,D:\PRSV Project\Original Images\RingSpot(359).jpg,.jpg,84961
RingSpot(36).jpg,D:\PRSV Project\Original Images\RingSpot(36).jpg,.jpg,86507
RingSpot(360).jpg,D:\PRSV Project\Original Images\RingSpot(360).jpg,.jpg,83421
RingSpot(361).jpg,D:\PRSV Project\Original Images\RingSpot(361).jpg,.jpg,93670
RingSpot(362).jpg,D:\PRSV Project\Original Images\RingSpot(362).jpg,.jpg,96326
RingSpot(363).jpg,D:\PRSV Project\Original Images\RingSpot(363).jpg,.jpg,109224
RingSpot(364).jpg,D:\PRSV Project\Original Images\RingSpot(364).jpg,.jpg,89869
RingSpot(365).jpg,D:\PRSV Project\Original Images\RingSpot(365).jpg,.jpg,96483
RingSpot(366).jpg,D:\PRSV Project\Original Images\RingSpot(366).jpg,.jpg,93327
RingSpot(367).jpg,D:\PRSV Project\Original Images\RingSpot(367).jpg,.jpg,84205
RingSpot(368).jpg,D:\PRSV Project\Original Images\RingSpot(368).jpg,.jpg,86150
RingSpot(369).jpg,D:\PRSV Project\Original Images\RingSpot(369).jpg,.jpg,85335
RingSpot(37).jpg,D:\PRSV Project\Original Images\RingSpot(37).jpg,.jpg,104874
RingSpot(370).jpg,D:\PRSV Project\Original Images\RingSpot(370).jpg,.jpg,91883
RingSpot(371).jpg,D:\PRSV Project\Original Images\RingSpot(371).jpg,.jpg,102107
RingSpot(372).jpg,D:\PRSV Project\Original Images\RingSpot(372).jpg,.jpg,92233
RingSpot(373).jpg,D:\PRSV Project\Original Images\RingSpot(373).jpg,.jpg,91964
RingSpot(374).jpg,D:\PRSV Project\Original Images\RingSpot(374).jpg,.jpg,85705
RingSpot(375).jpg,D:\PRSV Project\Original Images\RingSpot(375).jpg,.jpg,91931
RingSpot(376).jpg,D:\PRSV Project\Original Images\RingSpot(376).jpg,.jpg,106072
RingSpot(377).jpg,D:\PRSV Project\Original Images\RingSpot(377).jpg,.jpg,93737
RingSpot(378).jpg,D:\PRSV Project\Original Images\RingSpot(378).jpg,.jpg,75339
RingSpot(379).jpg,D:\PRSV Project\Original Images\RingSpot(379).jpg,.jpg,89436
RingSpot(38).jpg,D:\PRSV Project\Original Images\RingSpot(38).jpg,.jpg,84721
RingSpot(380).jpg,D:\PRSV Project\Original Images\RingSpot(380).jpg,.jpg,87768
RingSpot(381).jpg,D:\PRSV Project\Original Images\RingSpot(381).jpg,.jpg,97261
RingSpot(382).jpg,D:\PRSV Project\Original Images\RingSpot(382).jpg,.jpg,103005
RingSpot(383).jpg,D:\PRSV Project\Original Images\RingSpot(383).jpg,.jpg,100640
RingSpot(384).jpg,D:\PRSV Project\Original Images\RingSpot(384).jpg,.jpg,102719
RingSpot(385).jpg,D:\PRSV Project\Original Images\RingSpot(385).jpg,.jpg,113720
RingSpot(386).jpg,D:\PRSV Project\Original Images\RingSpot(386).jpg,.jpg,95545
RingSpot(387).jpg,D:\PRSV Project\Original Images\RingSpot(387).jpg,.jpg,125099
RingSpot(388).jpg,D:\PRSV Project\Original Images\RingSpot(388).jpg,.jpg,99352
RingSpot(389).jpg,D:\PRSV Project\Original Images\RingSpot(389).jpg,.jpg,116788
RingSpot(39).jpg,D:\PRSV Project\Original Images\RingSpot(39).jpg,.jpg,78892
RingSpot(390).jpg,D:\PRSV Project\Original Images\RingSpot(390).jpg,.jpg,120748
RingSpot(391).jpg,D:\PRSV Project\Original Images\RingSpot(391).jpg,.jpg,98789
RingSpot(392).jpg,D:\PRSV Project\Original Images\RingSpot(392).jpg,.jpg,105830
RingSpot(393).jpg,D:\PRSV Project\Original Images\RingSpot(393).jpg,.jpg,89155
RingSpot(394).jpg,D:\PRSV Project\Original Images\RingSpot(394).jpg,.jpg,106459
RingSpot(395).jpg,D:\PRSV Project\Original Images\RingSpot(395).jpg,.jpg,103546
RingSpot(396).jpg,D:\PRSV Project\Original Images\RingSpot(396).jpg,.jpg,93280
RingSpot(397).jpg,D:\PRSV Project\Original Images\RingSpot(397).jpg,.jpg,110620
RingSpot(398).jpg,D:\PRSV Project\Original Images\RingSpot(398).jpg,.jpg,115392
RingSpot(399).jpg,D:\PRSV Project\Original Images\RingSpot(399).jpg,.jpg,111649
RingSpot(4).jpg,D:\PRSV Project\Original Images\RingSpot(4).jpg,.jpg,114168
RingSpot(40).jpg,D:\PRSV Project\Original Images\RingSpot(40).jpg,.jpg,94811
RingSpot(400).jpg,D:\PRSV Project\Original Images\RingSpot(400).jpg,.jpg,123909
RingSpot(401).jpg,D:\PRSV Project\Original Images\RingSpot(401).jpg,.jpg,119861
RingSpot(402).jpg,D:\PRSV Project\Original Images\RingSpot(402).jpg,.jpg,107586
RingSpot(403).jpg,D:\PRSV Project\Original Images\RingSpot(403).jpg,.jpg,117869
RingSpot(404).jpg,D:\PRSV Project\Original Images\RingSpot(404).jpg,.jpg,121394
RingSpot(405).jpg,D:\PRSV Project\Original Images\RingSpot(405).jpg,.jpg,137927
RingSpot(406).jpg,D:\PRSV Project\Original Images\RingSpot(406).jpg,.jpg,134851
RingSpot(407).jpg,D:\PRSV Project\Original Images\RingSpot(407).jpg,.jpg,83696
RingSpot(408).jpg,D:\PRSV Project\Original Images\RingSpot(408).jpg,.jpg,119102
RingSpot(409).jpg,D:\PRSV Project\Original Images\RingSpot(409).jpg,.jpg,138196
RingSpot(41).jpg,D:\PRSV Project\Original Images\RingSpot(41).jpg,.jpg,110798
RingSpot(410).jpg,D:\PRSV Project\Original Images\RingSpot(410).jpg,.jpg,126892
RingSpot(411).jpg,D:\PRSV Project\Original Images\RingSpot(411).jpg,.jpg,119946
RingSpot(412).jpg,D:\PRSV Project\Original Images\RingSpot(412).jpg,.jpg,87306
RingSpot(413).jpg,D:\PRSV Project\Original Images\RingSpot(413).jpg,.jpg,127260
RingSpot(414).jpg,D:\PRSV Project\Original Images\RingSpot(414).jpg,.jpg,134672
RingSpot(415).jpg,D:\PRSV Project\Original Images\RingSpot(415).jpg,.jpg,129696
RingSpot(416).jpg,D:\PRSV Project\Original Images\RingSpot(416).jpg,.jpg,119199
RingSpot(417).jpg,D:\PRSV Project\Original Images\RingSpot(417).jpg,.jpg,90406
RingSpot(418).jpg,D:\PRSV Project\Original Images\RingSpot(418).jpg,.jpg,116705
RingSpot(419).jpg,D:\PRSV Project\Original Images\RingSpot(419).jpg,.jpg,120036
RingSpot(42).jpg,D:\PRSV Project\Original Images\RingSpot(42).jpg,.jpg,95464
RingSpot(420).jpg,D:\PRSV Project\Original Images\RingSpot(420).jpg,.jpg,106179
RingSpot(421).jpg,D:\PRSV Project\Original Images\RingSpot(421).jpg,.jpg,108032
RingSpot(422).jpg,D:\PRSV Project\Original Images\RingSpot(422).jpg,.jpg,114402
RingSpot(423).jpg,D:\PRSV Project\Original Images\RingSpot(423).jpg,.jpg,95477
RingSpot(424).jpg,D:\PRSV Project\Original Images\RingSpot(424).jpg,.jpg,114634
RingSpot(425).jpg,D:\PRSV Project\Original Images\RingSpot(425).jpg,.jpg,114050
RingSpot(426).jpg,D:\PRSV Project\Original Images\RingSpot(426).jpg,.jpg,125180
RingSpot(427).jpg,D:\PRSV Project\Original Images\RingSpot(427).jpg,.jpg,116906
RingSpot(428).jpg,D:\PRSV Project\Original Images\RingSpot(428).jpg,.jpg,110050
RingSpot(429).jpg,D:\PRSV Project\Original Images\RingSpot(429).jpg,.jpg,113031
RingSpot(43).jpg,D:\PRSV Project\Original Images\RingSpot(43).jpg,.jpg,92737
RingSpot(430).jpg,D:\PRSV Project\Original Images\RingSpot(430).jpg,.jpg,65691
RingSpot(431).jpg,D:\PRSV Project\Original Images\RingSpot(431).jpg,.jpg,86706
RingSpot(432).jpg,D:\PRSV Project\Original Images\RingSpot(432).jpg,.jpg,99311
RingSpot(433).jpg,D:\PRSV Project\Original Images\RingSpot(433).jpg,.jpg,115316
RingSpot(434).jpg,D:\PRSV Project\Original Images\RingSpot(434).jpg,.jpg,109793
RingSpot(435).jpg,D:\PRSV Project\Original Images\RingSpot(435).jpg,.jpg,98859
RingSpot(436).jpg,D:\PRSV Project\Original Images\RingSpot(436).jpg,.jpg,107260
RingSpot(437).jpg,D:\PRSV Project\Original Images\RingSpot(437).jpg,.jpg,116018
RingSpot(438).jpg,D:\PRSV Project\Original Images\RingSpot(438).jpg,.jpg,96579
RingSpot(439).jpg,D:\PRSV Project\Original Images\RingSpot(439).jpg,.jpg,121170
RingSpot(44).jpg,D:\PRSV Project\Original Images\RingSpot(44).jpg,.jpg,80435
RingSpot(440).jpg,D:\PRSV Project\Original Images\RingSpot(440).jpg,.jpg,88262
RingSpot(441).jpg,D:\PRSV Project\Original Images\RingSpot(441).jpg,.jpg,93057
RingSpot(442).jpg,D:\PRSV Project\Original Images\RingSpot(442).jpg,.jpg,113762
RingSpot(443).jpg,D:\PRSV Project\Original Images\RingSpot(443).jpg,.jpg,113762
RingSpot(444).jpg,D:\PRSV Project\Original Images\RingSpot(444).jpg,.jpg,105844
RingSpot(445).jpg,D:\PRSV Project\Original Images\RingSpot(445).jpg,.jpg,105844
RingSpot(446).jpg,D:\PRSV Project\Original Images\RingSpot(446).jpg,.jpg,115476
RingSpot(447).jpg,D:\PRSV Project\Original Images\RingSpot(447).jpg,.jpg,115476
RingSpot(448).jpg,D:\PRSV Project\Original Images\RingSpot(448).jpg,.jpg,94370
RingSpot(449).jpg,D:\PRSV Project\Original Images\RingSpot(449).jpg,.jpg,94370
RingSpot(45).jpg,D:\PRSV Project\Original Images\RingSpot(45).jpg,.jpg,102264
RingSpot(450).jpg,D:\PRSV Project\Original Images\RingSpot(450).jpg,.jpg,105770
RingSpot(451).jpg,D:\PRSV Project\Original Images\RingSpot(451).jpg,.jpg,105770
RingSpot(452).jpg,D:\PRSV Project\Original Images\RingSpot(452).jpg,.jpg,94409
RingSpot(453).jpg,D:\PRSV Project\Original Images\RingSpot(453).jpg,.jpg,94409
RingSpot(454).jpg,D:\PRSV Project\Original Images\RingSpot(454).jpg,.jpg,87383
RingSpot(455).jpg,D:\PRSV Project\Original Images\RingSpot(455).jpg,.jpg,109655
RingSpot(456).jpg,D:\PRSV Project\Original Images\RingSpot(456).jpg,.jpg,114820
RingSpot(457).jpg,D:\PRSV Project\Original Images\RingSpot(457).jpg,.jpg,120979
RingSpot(458).jpg,D:\PRSV Project\Original Images\RingSpot(458).jpg,.jpg,115348
RingSpot(459).jpg,D:\PRSV Project\Original Images\RingSpot(459).jpg,.jpg,105602
RingSpot(46).jpg,D:\PRSV Project\Original Images\RingSpot(46).jpg,.jpg,90521
RingSpot(460).jpg,D:\PRSV Project\Original Images\RingSpot(460).jpg,.jpg,105602
RingSpot(461).jpg,D:\PRSV Project\Original Images\RingSpot(461).jpg,.jpg,97585
RingSpot(462).jpg,D:\PRSV Project\Original Images\RingSpot(462).jpg,.jpg,97585
RingSpot(463).jpg,D:\PRSV Project\Original Images\RingSpot(463).jpg,.jpg,82353
RingSpot(464).jpg,D:\PRSV Project\Original Images\RingSpot(464).jpg,.jpg,82353
RingSpot(465).jpg,D:\PRSV Project\Original Images\RingSpot(465).jpg,.jpg,116203
RingSpot(466).jpg,D:\PRSV Project\Original Images\RingSpot(466).jpg,.jpg,116203
RingSpot(467).jpg,D:\PRSV Project\Original Images\RingSpot(467).jpg,.jpg,99442
RingSpot(468).jpg,D:\PRSV Project\Original Images\RingSpot(468).jpg,.jpg,99442
RingSpot(469).jpg,D:\PRSV Project\Original Images\RingSpot(469).jpg,.jpg,111518
RingSpot(47).jpg,D:\PRSV Project\Original Images\RingSpot(47).jpg,.jpg,73084
RingSpot(470).jpg,D:\PRSV Project\Original Images\RingSpot(470).jpg,.jpg,111518
RingSpot(471).jpg,D:\PRSV Project\Original Images\RingSpot(471).jpg,.jpg,112812
RingSpot(472).jpg,D:\PRSV Project\Original Images\RingSpot(472).jpg,.jpg,102124
RingSpot(473).jpg,D:\PRSV Project\Original Images\RingSpot(473).jpg,.jpg,124004
RingSpot(474).jpg,D:\PRSV Project\Original Images\RingSpot(474).jpg,.jpg,124004
RingSpot(475).jpg,D:\PRSV Project\Original Images\RingSpot(475).jpg,.jpg,102851
RingSpot(476).jpg,D:\PRSV Project\Original Images\RingSpot(476).jpg,.jpg,102851
RingSpot(477).jpg,D:\PRSV Project\Original Images\RingSpot(477).jpg,.jpg,110475
RingSpot(478).jpg,D:\PRSV Project\Original Images\RingSpot(478).jpg,.jpg,129662
RingSpot(479).jpg,D:\PRSV Project\Original Images\RingSpot(479).jpg,.jpg,129662
RingSpot(48).jpg,D:\PRSV Project\Original Images\RingSpot(48).jpg,.jpg,76887
RingSpot(480).jpg,D:\PRSV Project\Original Images\RingSpot(480).jpg,.jpg,116845
RingSpot(481).jpg,D:\PRSV Project\Original Images\RingSpot(481).jpg,.jpg,116845
RingSpot(482).jpg,D:\PRSV Project\Original Images\RingSpot(482).jpg,.jpg,107709
RingSpot(483).jpg,D:\PRSV Project\Original Images\RingSpot(483).jpg,.jpg,107709
RingSpot(484).jpg,D:\PRSV Project\Original Images\RingSpot(484).jpg,.jpg,116339
RingSpot(485).jpg,D:\PRSV Project\Original Images\RingSpot(485).jpg,.jpg,116339
RingSpot(486).jpg,D:\PRSV Project\Original Images\RingSpot(486).jpg,.jpg,120656
RingSpot(487).jpg,D:\PRSV Project\Original Images\RingSpot(487).jpg,.jpg,120656
RingSpot(488).jpg,D:\PRSV Project\Original Images\RingSpot(488).jpg,.jpg,118872
RingSpot(489).jpg,D:\PRSV Project\Original Images\RingSpot(489).jpg,.jpg,118872
RingSpot(49).jpg,D:\PRSV Project\Original Images\RingSpot(49).jpg,.jpg,88158
RingSpot(490).jpg,D:\PRSV Project\Original Images\RingSpot(490).jpg,.jpg,118844
RingSpot(491).jpg,D:\PRSV Project\Original Images\RingSpot(491).jpg,.jpg,97322
RingSpot(492).jpg,D:\PRSV Project\Original Images\RingSpot(492).jpg,.jpg,94019
RingSpot(493).jpg,D:\PRSV Project\Original Images\RingSpot(493).jpg,.jpg,94019
RingSpot(494).jpg,D:\PRSV Project\Original Images\RingSpot(494).jpg,.jpg,111096
RingSpot(495).jpg,D:\PRSV Project\Original Images\RingSpot(495).jpg,.jpg,111096
RingSpot(496).jpg,D:\PRSV Project\Original Images\RingSpot(496).jpg,.jpg,113505
RingSpot(497).jpg,D:\PRSV Project\Original Images\RingSpot(497).jpg,.jpg,93653
RingSpot(498).jpg,D:\PRSV Project\Original Images\RingSpot(498).jpg,.jpg,93653
RingSpot(499).jpg,D:\PRSV Project\Original Images\RingSpot(499).jpg,.jpg,94252
RingSpot(5).jpg,D:\PRSV Project\Original Images\RingSpot(5).jpg,.jpg,86606
RingSpot(50).jpg,D:\PRSV Project\Original Images\RingSpot(50).jpg,.jpg,72116
RingSpot(500).jpg,D:\PRSV Project\Original Images\RingSpot(500).jpg,.jpg,94252
RingSpot(501).jpg,D:\PRSV Project\Original Images\RingSpot(501).jpg,.jpg,101716
RingSpot(502).jpg,D:\PRSV Project\Original Images\RingSpot(502).jpg,.jpg,101716
RingSpot(503).jpg,D:\PRSV Project\Original Images\RingSpot(503).jpg,.jpg,91367
RingSpot(504).jpg,D:\PRSV Project\Original Images\RingSpot(504).jpg,.jpg,91367
RingSpot(505).jpg,D:\PRSV Project\Original Images\RingSpot(505).jpg,.jpg,119636
RingSpot(506).jpg,D:\PRSV Project\Original Images\RingSpot(506).jpg,.jpg,119636
RingSpot(507).jpg,D:\PRSV Project\Original Images\RingSpot(507).jpg,.jpg,110462
RingSpot(508).jpg,D:\PRSV Project\Original Images\RingSpot(508).jpg,.jpg,110462
RingSpot(509).jpg,D:\PRSV Project\Original Images\RingSpot(509).jpg,.jpg,118868
RingSpot(51).jpg,D:\PRSV Project\Original Images\RingSpot(51).jpg,.jpg,72848
RingSpot(510).jpg,D:\PRSV Project\Original Images\RingSpot(510).jpg,.jpg,110416
RingSpot(511).jpg,D:\PRSV Project\Original Images\RingSpot(511).jpg,.jpg,118246
RingSpot(512).jpg,D:\PRSV Project\Original Images\RingSpot(512).jpg,.jpg,118246
RingSpot(513).jpg,D:\PRSV Project\Original Images\RingSpot(513).jpg,.jpg,121475
RingSpot(514).jpg,D:\PRSV Project\Original Images\RingSpot(514).jpg,.jpg,121475
RingSpot(515).jpg,D:\PRSV Project\Original Images\RingSpot(515).jpg,.jpg,126265
RingSpot(516).jpg,D:\PRSV Project\Original Images\RingSpot(516).jpg,.jpg,136951
RingSpot(517).jpg,D:\PRSV Project\Original Images\RingSpot(517).jpg,.jpg,136951
RingSpot(518).jpg,D:\PRSV Project\Original Images\RingSpot(518).jpg,.jpg,64922
RingSpot(519).jpg,D:\PRSV Project\Original Images\RingSpot(519).jpg,.jpg,64922
RingSpot(52).jpg,D:\PRSV Project\Original Images\RingSpot(52).jpg,.jpg,93513
RingSpot(520).jpg,D:\PRSV Project\Original Images\RingSpot(520).jpg,.jpg,107560
RingSpot(521).jpg,D:\PRSV Project\Original Images\RingSpot(521).jpg,.jpg,107560
RingSpot(522).jpg,D:\PRSV Project\Original Images\RingSpot(522).jpg,.jpg,111385
RingSpot(523).jpg,D:\PRSV Project\Original Images\RingSpot(523).jpg,.jpg,111385
RingSpot(524).jpg,D:\PRSV Project\Original Images\RingSpot(524).jpg,.jpg,90287
RingSpot(525).jpg,D:\PRSV Project\Original Images\RingSpot(525).jpg,.jpg,90287
RingSpot(526).jpg,D:\PRSV Project\Original Images\RingSpot(526).jpg,.jpg,113782
RingSpot(527).jpg,D:\PRSV Project\Original Images\RingSpot(527).jpg,.jpg,113782
RingSpot(528).jpg,D:\PRSV Project\Original Images\RingSpot(528).jpg,.jpg,88614
RingSpot(529).jpg,D:\PRSV Project\Original Images\RingSpot(529).jpg,.jpg,125430
RingSpot(53).jpg,D:\PRSV Project\Original Images\RingSpot(53).jpg,.jpg,78262
RingSpot(530).jpg,D:\PRSV Project\Original Images\RingSpot(530).jpg,.jpg,101122
RingSpot(531).jpg,D:\PRSV Project\Original Images\RingSpot(531).jpg,.jpg,101122
RingSpot(532).jpg,D:\PRSV Project\Original Images\RingSpot(532).jpg,.jpg,103587
RingSpot(533).jpg,D:\PRSV Project\Original Images\RingSpot(533).jpg,.jpg,103587
RingSpot(54).jpg,D:\PRSV Project\Original Images\RingSpot(54).jpg,.jpg,81311
RingSpot(55).jpg,D:\PRSV Project\Original Images\RingSpot(55).jpg,.jpg,79247
RingSpot(56).jpg,D:\PRSV Project\Original Images\RingSpot(56).jpg,.jpg,77766
RingSpot(57).jpg,D:\PRSV Project\Original Images\RingSpot(57).jpg,.jpg,94637
RingSpot(58).jpg,D:\PRSV Project\Original Images\RingSpot(58).jpg,.jpg,78921
RingSpot(59).jpg,D:\PRSV Project\Original Images\RingSpot(59).jpg,.jpg,93402
RingSpot(6).jpg,D:\PRSV Project\Original Images\RingSpot(6).jpg,.jpg,93904
RingSpot(60).jpg,D:\PRSV Project\Original Images\RingSpot(60).jpg,.jpg,100331
RingSpot(61).jpg,D:\PRSV Project\Original Images\RingSpot(61).jpg,.jpg,91669
RingSpot(62).jpg,D:\PRSV Project\Original Images\RingSpot(62).jpg,.jpg,92877
RingSpot(63).jpg,D:\PRSV Project\Original Images\RingSpot(63).jpg,.jpg,104374
RingSpot(64).jpg,D:\PRSV Project\Original Images\RingSpot(64).jpg,.jpg,110679
RingSpot(65).jpg,D:\PRSV Project\Original Images\RingSpot(65).jpg,.jpg,103197
RingSpot(66).jpg,D:\PRSV Project\Original Images\RingSpot(66).jpg,.jpg,86497
RingSpot(67).jpg,D:\PRSV Project\Original Images\RingSpot(67).jpg,.jpg,91219
RingSpot(68).jpg,D:\PRSV Project\Original Images\RingSpot(68).jpg,.jpg,109160
RingSpot(69).jpg,D:\PRSV Project\Original Images\RingSpot(69).jpg,.jpg,92897
RingSpot(7).jpg,D:\PRSV Project\Original Images\RingSpot(7).jpg,.jpg,103447
RingSpot(70).jpg,D:\PRSV Project\Original Images\RingSpot(70).jpg,.jpg,109315
RingSpot(71).jpg,D:\PRSV Project\Original Images\RingSpot(71).jpg,.jpg,102430
RingSpot(72).jpg,D:\PRSV Project\Original Images\RingSpot(72).jpg,.jpg,91871
RingSpot(73).jpg,D:\PRSV Project\Original Images\RingSpot(73).jpg,.jpg,88453
RingSpot(74).jpg,D:\PRSV Project\Original Images\RingSpot(74).jpg,.jpg,62001
RingSpot(75).jpg,D:\PRSV Project\Original Images\RingSpot(75).jpg,.jpg,73564
RingSpot(76).jpg,D:\PRSV Project\Original Images\RingSpot(76).jpg,.jpg,90014
RingSpot(77).jpg,D:\PRSV Project\Original Images\RingSpot(77).jpg,.jpg,108314
RingSpot(78).jpg,D:\PRSV Project\Original Images\RingSpot(78).jpg,.jpg,101430
RingSpot(79).jpg,D:\PRSV Project\Original Images\RingSpot(79).jpg,.jpg,110403
RingSpot(8).jpg,D:\PRSV Project\Original Images\RingSpot(8).jpg,.jpg,100061
RingSpot(80).jpg,D:\PRSV Project\Original Images\RingSpot(80).jpg,.jpg,97861
RingSpot(81).jpg,D:\PRSV Project\Original Images\RingSpot(81).jpg,.jpg,99757
RingSpot(82).jpg,D:\PRSV Project\Original Images\RingSpot(82).jpg,.jpg,102391
RingSpot(83).jpg,D:\PRSV Project\Original Images\RingSpot(83).jpg,.jpg,109829
RingSpot(84).jpg,D:\PRSV Project\Original Images\RingSpot(84).jpg,.jpg,98752
RingSpot(85).jpg,D:\PRSV Project\Original Images\RingSpot(85).jpg,.jpg,78464
RingSpot(86).jpg,D:\PRSV Project\Original Images\RingSpot(86).jpg,.jpg,99591
RingSpot(87).jpg,D:\PRSV Project\Original Images\RingSpot(87).jpg,.jpg,93031
RingSpot(88).jpg,D:\PRSV Project\Original Images\RingSpot(88).jpg,.jpg,86805
RingSpot(89).jpg,D:\PRSV Project\Original Images\RingSpot(89).jpg,.jpg,85828
RingSpot(9).jpg,D:\PRSV Project\Original Images\RingSpot(9).jpg,.jpg,106709
RingSpot(90).jpg,D:\PRSV Project\Original Images\RingSpot(90).jpg,.jpg,94011
RingSpot(91).jpg,D:\PRSV Project\Original Images\RingSpot(91).jpg,.jpg,85964
RingSpot(92).jpg,D:\PRSV Project\Original Images\RingSpot(92).jpg,.jpg,88309
RingSpot(93).jpg,D:\PRSV Project\Original Images\RingSpot(93).jpg,.jpg,82293
RingSpot(94).jpg,D:\PRSV Project\Original Images\RingSpot(94).jpg,.jpg,80529
RingSpot(95).jpg,D:\PRSV Project\Original Images\RingSpot(95).jpg,.jpg,92307
RingSpot(96).jpg,D:\PRSV Project\Original Images\RingSpot(96).jpg,.jpg,81674
RingSpot(97).jpg,D:\PRSV Project\Original Images\RingSpot(97).jpg,.jpg,87692
RingSpot(98).jpg,D:\PRSV Project\Original Images\RingSpot(98).jpg,.jpg,99736
RingSpot(99).jpg,D:\PRSV Project\Original Images\RingSpot(99).jpg,.jpg,88917
