filename,label
Healthy(1).jpg,
Healthy(10).jpg,
Healthy(100).jpg,
Healthy(101).jpg,
Healthy(102).jpg,
Healthy(103).jpg,
Healthy(104).jpg,
Healthy(105).jpg,
Healthy(106).jpg,
Healthy(107).jpg,
Healthy(108).jpg,
Healthy(109).jpg,
Healthy(11).jpg,
Healthy(110).jpg,
Healthy(111).jpg,
Healthy(112).jpg,
Healthy(113).jpg,
Healthy(114).jpg,
Healthy(115).jpg,
Healthy(116).jpg,
Healthy(117).jpg,
Healthy(118).jpg,
Healthy(119).jpg,
Healthy(12).jpg,
Healthy(120).jpg,
Healthy(121).jpg,
Healthy(122).jpg,
Healthy(123).jpg,
Healthy(124).jpg,
Healthy(125).jpg,
Healthy(126).jpg,
Healthy(127).jpg,
Healthy(128).jpg,
Healthy(129).jpg,
Healthy(13).jpg,
Healthy(130).jpg,
Healthy(131).jpg,
Healthy(132).jpg,
Healthy(133).jpg,
Healthy(134).jpg,
Healthy(135).jpg,
Healthy(136).jpg,
Healthy(137).jpg,
Healthy(138).jpg,
Healthy(139).jpg,
Healthy(14).jpg,
Healthy(140).jpg,
Healthy(141).jpg,
Healthy(142).jpg,
Healthy(143).jpg,
Healthy(144).jpg,
Healthy(145).jpg,
Healthy(146).jpg,
Healthy(147).jpg,
Healthy(148).jpg,
Healthy(149).jpg,
Healthy(15).jpg,
Healthy(150).jpg,
Healthy(151).jpg,
Healthy(152).jpg,
Healthy(153).jpg,
Healthy(154).jpg,
Healthy(155).jpg,
Healthy(156).jpg,
Healthy(157).jpg,
Healthy(158).jpg,
Healthy(159).jpg,
Healthy(16).jpg,
Healthy(160).jpg,
Healthy(161).jpg,
Healthy(162).jpg,
Healthy(163).jpg,
Healthy(164).jpg,
Healthy(165).jpg,
Healthy(166).jpg,
Healthy(167).jpg,
Healthy(168).jpg,
Healthy(169).jpg,
Healthy(17).jpg,
Healthy(170).jpg,
Healthy(171).jpg,
Healthy(172).jpg,
Healthy(173).jpg,
Healthy(174).jpg,
Healthy(175).jpg,
Healthy(176).jpg,
Healthy(177).jpg,
Healthy(178).jpg,
Healthy(179).jpg,
Healthy(18).jpg,
Healthy(180).jpg,
Healthy(181).jpg,
Healthy(182).jpg,
Healthy(183).jpg,
Healthy(184).jpg,
Healthy(185).jpg,
Healthy(186).jpg,
Healthy(187).jpg,
Healthy(188).jpg,
Healthy(189).jpg,
Healthy(19).jpg,
Healthy(190).jpg,
Healthy(191).jpg,
Healthy(192).jpg,
Healthy(193).jpg,
Healthy(194).jpg,
Healthy(195).jpg,
Healthy(196).jpg,
Healthy(197).jpg,
Healthy(198).jpg,
Healthy(199).jpg,
Healthy(2).jpg,
Healthy(20).jpg,
Healthy(200).jpg,
Healthy(201).jpg,
Healthy(202).jpg,
Healthy(203).jpg,
Healthy(204).jpg,
Healthy(205).jpg,
Healthy(206).jpg,
Healthy(207).jpg,
Healthy(208).jpg,
Healthy(209).jpg,
Healthy(21).jpg,
Healthy(210).jpg,
Healthy(211).jpg,
Healthy(212).jpg,
Healthy(213).jpg,
Healthy(214).jpg,
Healthy(215).jpg,
Healthy(216).jpg,
Healthy(217).jpg,
Healthy(218).jpg,
Healthy(219).jpg,
Healthy(22).jpg,
Healthy(220).jpg,
Healthy(221).jpg,
Healthy(222).jpg,
Healthy(223).jpg,
Healthy(224).jpg,
Healthy(225).jpg,
Healthy(226).jpg,
Healthy(227).jpg,
Healthy(228).jpg,
Healthy(23).jpg,
Healthy(24).jpg,
Healthy(25).jpg,
Healthy(26).jpg,
Healthy(27).jpg,
Healthy(28).jpg,
Healthy(29).jpg,
Healthy(3).jpg,
Healthy(30).jpg,
Healthy(31).jpg,
Healthy(32).jpg,
Healthy(33).jpg,
Healthy(34).jpg,
Healthy(35).jpg,
Healthy(36).jpg,
Healthy(37).jpg,
Healthy(38).jpg,
Healthy(39).jpg,
Healthy(4).jpg,
Healthy(40).jpg,
Healthy(41).jpg,
Healthy(42).jpg,
Healthy(43).jpg,
Healthy(44).jpg,
Healthy(45).jpg,
Healthy(46).jpg,
Healthy(47).jpg,
Healthy(48).jpg,
Healthy(49).jpg,
Healthy(5).jpg,
Healthy(50).jpg,
Healthy(51).jpg,
Healthy(52).jpg,
Healthy(53).jpg,
Healthy(54).jpg,
Healthy(55).jpg,
Healthy(56).jpg,
Healthy(57).jpg,
Healthy(58).jpg,
Healthy(59).jpg,
Healthy(6).jpg,
Healthy(60).jpg,
Healthy(61).jpg,
Healthy(62).jpg,
Healthy(63).jpg,
Healthy(64).jpg,
Healthy(65).jpg,
Healthy(66).jpg,
Healthy(67).jpg,
Healthy(68).jpg,
Healthy(69).jpg,
Healthy(7).jpg,
Healthy(70).jpg,
Healthy(71).jpg,
Healthy(72).jpg,
Healthy(73).jpg,
Healthy(74).jpg,
Healthy(75).jpg,
Healthy(76).jpg,
Healthy(77).jpg,
Healthy(78).jpg,
Healthy(79).jpg,
Healthy(8).jpg,
Healthy(80).jpg,
Healthy(81).jpg,
Healthy(82).jpg,
Healthy(83).jpg,
Healthy(84).jpg,
Healthy(85).jpg,
Healthy(86).jpg,
Healthy(87).jpg,
Healthy(88).jpg,
Healthy(89).jpg,
Healthy(9).jpg,
Healthy(90).jpg,
Healthy(91).jpg,
Healthy(92).jpg,
Healthy(93).jpg,
Healthy(94).jpg,
Healthy(95).jpg,
Healthy(96).jpg,
Healthy(97).jpg,
Healthy(98).jpg,
Healthy(99).jpg,
RingSpot(1).jpg,
RingSpot(10).jpg,
RingSpot(100).jpg,
RingSpot(101).jpg,
RingSpot(102).jpg,
RingSpot(103).jpg,
RingSpot(104).jpg,
RingSpot(105).jpg,
RingSpot(106).jpg,
RingSpot(107).jpg,
RingSpot(108).jpg,
RingSpot(109).jpg,
RingSpot(11).jpg,
RingSpot(110).jpg,
RingSpot(111).jpg,
RingSpot(112).jpg,
RingSpot(113).jpg,
RingSpot(114).jpg,
RingSpot(115).jpg,
RingSpot(116).jpg,
RingSpot(117).jpg,
RingSpot(118).jpg,
RingSpot(119).jpg,
RingSpot(12).jpg,
RingSpot(120).jpg,
RingSpot(121).jpg,
RingSpot(122).jpg,
RingSpot(123).jpg,
RingSpot(124).jpg,
RingSpot(125).jpg,
RingSpot(126).jpg,
RingSpot(127).jpg,
RingSpot(128).jpg,
RingSpot(129).jpg,
RingSpot(13).jpg,
RingSpot(130).jpg,
RingSpot(131).jpg,
RingSpot(132).jpg,
RingSpot(133).jpg,
RingSpot(134).jpg,
RingSpot(135).jpg,
RingSpot(136).jpg,
RingSpot(137).jpg,
RingSpot(138).jpg,
RingSpot(139).jpg,
RingSpot(14).jpg,
RingSpot(140).jpg,
RingSpot(141).jpg,
RingSpot(142).jpg,
RingSpot(143).jpg,
RingSpot(144).jpg,
RingSpot(145).jpg,
RingSpot(146).jpg,
RingSpot(147).jpg,
RingSpot(148).jpg,
RingSpot(149).jpg,
RingSpot(15).jpg,
RingSpot(150).jpg,
RingSpot(151).jpg,
RingSpot(152).jpg,
RingSpot(153).jpg,
RingSpot(154).jpg,
RingSpot(155).jpg,
RingSpot(156).jpg,
RingSpot(157).jpg,
RingSpot(158).jpg,
RingSpot(159).jpg,
RingSpot(16).jpg,
RingSpot(160).jpg,
RingSpot(161).jpg,
RingSpot(162).jpg,
RingSpot(163).jpg,
RingSpot(164).jpg,
RingSpot(165).jpg,
RingSpot(166).jpg,
RingSpot(167).jpg,
RingSpot(168).jpg,
RingSpot(169).jpg,
RingSpot(17).jpg,
RingSpot(170).jpg,
RingSpot(171).jpg,
RingSpot(172).jpg,
RingSpot(173).jpg,
RingSpot(174).jpg,
RingSpot(175).jpg,
RingSpot(176).jpg,
RingSpot(177).jpg,
RingSpot(178).jpg,
RingSpot(179).jpg,
RingSpot(18).jpg,
RingSpot(180).jpg,
RingSpot(181).jpg,
RingSpot(182).jpg,
RingSpot(183).jpg,
RingSpot(184).jpg,
RingSpot(185).jpg,
RingSpot(186).jpg,
RingSpot(187).jpg,
RingSpot(188).jpg,
RingSpot(189).jpg,
RingSpot(19).jpg,
RingSpot(190).jpg,
RingSpot(191).jpg,
RingSpot(192).jpg,
RingSpot(193).jpg,
RingSpot(194).jpg,
RingSpot(195).jpg,
RingSpot(196).jpg,
RingSpot(197).jpg,
RingSpot(198).jpg,
RingSpot(199).jpg,
RingSpot(2).jpg,
RingSpot(20).jpg,
RingSpot(200).jpg,
RingSpot(201).jpg,
RingSpot(202).jpg,
RingSpot(203).jpg,
RingSpot(204).jpg,
RingSpot(205).jpg,
RingSpot(206).jpg,
RingSpot(207).jpg,
RingSpot(208).jpg,
RingSpot(209).jpg,
RingSpot(21).jpg,
RingSpot(210).jpg,
RingSpot(211).jpg,
RingSpot(212).jpg,
RingSpot(213).jpg,
RingSpot(214).jpg,
RingSpot(215).jpg,
RingSpot(216).jpg,
RingSpot(217).jpg,
RingSpot(218).jpg,
RingSpot(219).jpg,
RingSpot(22).jpg,
RingSpot(220).jpg,
RingSpot(221).jpg,
RingSpot(222).jpg,
RingSpot(223).jpg,
RingSpot(224).jpg,
RingSpot(225).jpg,
RingSpot(226).jpg,
RingSpot(227).jpg,
RingSpot(228).jpg,
RingSpot(229).jpg,
RingSpot(23).jpg,
RingSpot(230).jpg,
RingSpot(231).jpg,
RingSpot(232).jpg,
RingSpot(233).jpg,
RingSpot(234).jpg,
RingSpot(235).jpg,
RingSpot(236).jpg,
RingSpot(237).jpg,
RingSpot(238).jpg,
RingSpot(239).jpg,
RingSpot(24).jpg,
RingSpot(240).jpg,
RingSpot(241).jpg,
RingSpot(242).jpg,
RingSpot(243).jpg,
RingSpot(244).jpg,
RingSpot(245).jpg,
RingSpot(246).jpg,
RingSpot(247).jpg,
RingSpot(248).jpg,
RingSpot(249).jpg,
RingSpot(25).jpg,
RingSpot(250).jpg,
RingSpot(251).jpg,
RingSpot(252).jpg,
RingSpot(253).jpg,
RingSpot(254).jpg,
RingSpot(255).jpg,
RingSpot(256).jpg,
RingSpot(257).jpg,
RingSpot(258).jpg,
RingSpot(259).jpg,
RingSpot(26).jpg,
RingSpot(260).jpg,
RingSpot(261).jpg,
RingSpot(262).jpg,
RingSpot(263).jpg,
RingSpot(264).jpg,
RingSpot(265).jpg,
RingSpot(266).jpg,
RingSpot(267).jpg,
RingSpot(268).jpg,
RingSpot(269).jpg,
RingSpot(27).jpg,
RingSpot(270).jpg,
RingSpot(271).jpg,
RingSpot(272).jpg,
RingSpot(273).jpg,
RingSpot(274).jpg,
RingSpot(275).jpg,
RingSpot(276).jpg,
RingSpot(277).jpg,
RingSpot(278).jpg,
RingSpot(279).jpg,
RingSpot(28).jpg,
RingSpot(280).jpg,
RingSpot(281).jpg,
RingSpot(282).jpg,
RingSpot(283).jpg,
RingSpot(284).jpg,
RingSpot(285).jpg,
RingSpot(286).jpg,
RingSpot(287).jpg,
RingSpot(288).jpg,
RingSpot(289).jpg,
RingSpot(29).jpg,
RingSpot(290).jpg,
RingSpot(291).jpg,
RingSpot(292).jpg,
RingSpot(293).jpg,
RingSpot(294).jpg,
RingSpot(295).jpg,
RingSpot(296).jpg,
RingSpot(297).jpg,
RingSpot(298).jpg,
RingSpot(299).jpg,
RingSpot(3).jpg,
RingSpot(30).jpg,
RingSpot(300).jpg,
RingSpot(301).jpg,
RingSpot(302).jpg,
RingSpot(303).jpg,
RingSpot(304).jpg,
RingSpot(305).jpg,
RingSpot(306).jpg,
RingSpot(307).jpg,
RingSpot(308).jpg,
RingSpot(309).jpg,
RingSpot(31).jpg,
RingSpot(310).jpg,
RingSpot(311).jpg,
RingSpot(312).jpg,
RingSpot(313).jpg,
RingSpot(314).jpg,
RingSpot(315).jpg,
RingSpot(316).jpg,
RingSpot(317).jpg,
RingSpot(318).jpg,
RingSpot(319).jpg,
RingSpot(32).jpg,
RingSpot(320).jpg,
RingSpot(321).jpg,
RingSpot(322).jpg,
RingSpot(323).jpg,
RingSpot(324).jpg,
RingSpot(325).jpg,
RingSpot(326).jpg,
RingSpot(327).jpg,
RingSpot(328).jpg,
RingSpot(329).jpg,
RingSpot(33).jpg,
RingSpot(330).jpg,
RingSpot(331).jpg,
RingSpot(332).jpg,
RingSpot(333).jpg,
RingSpot(334).jpg,
RingSpot(335).jpg,
RingSpot(336).jpg,
RingSpot(337).jpg,
RingSpot(338).jpg,
RingSpot(339).jpg,
RingSpot(34).jpg,
RingSpot(340).jpg,
RingSpot(341).jpg,
RingSpot(342).jpg,
RingSpot(343).jpg,
RingSpot(344).jpg,
RingSpot(345).jpg,
RingSpot(346).jpg,
RingSpot(347).jpg,
RingSpot(348).jpg,
RingSpot(349).jpg,
RingSpot(35).jpg,
RingSpot(350).jpg,
RingSpot(351).jpg,
RingSpot(352).jpg,
RingSpot(353).jpg,
RingSpot(354).jpg,
RingSpot(355).jpg,
RingSpot(356).jpg,
RingSpot(357).jpg,
RingSpot(358).jpg,
RingSpot(359).jpg,
RingSpot(36).jpg,
RingSpot(360).jpg,
RingSpot(361).jpg,
RingSpot(362).jpg,
RingSpot(363).jpg,
RingSpot(364).jpg,
RingSpot(365).jpg,
RingSpot(366).jpg,
RingSpot(367).jpg,
RingSpot(368).jpg,
RingSpot(369).jpg,
RingSpot(37).jpg,
RingSpot(370).jpg,
RingSpot(371).jpg,
RingSpot(372).jpg,
RingSpot(373).jpg,
RingSpot(374).jpg,
RingSpot(375).jpg,
RingSpot(376).jpg,
RingSpot(377).jpg,
RingSpot(378).jpg,
RingSpot(379).jpg,
RingSpot(38).jpg,
RingSpot(380).jpg,
RingSpot(381).jpg,
RingSpot(382).jpg,
RingSpot(383).jpg,
RingSpot(384).jpg,
RingSpot(385).jpg,
RingSpot(386).jpg,
RingSpot(387).jpg,
RingSpot(388).jpg,
RingSpot(389).jpg,
RingSpot(39).jpg,
RingSpot(390).jpg,
RingSpot(391).jpg,
RingSpot(392).jpg,
RingSpot(393).jpg,
RingSpot(394).jpg,
RingSpot(395).jpg,
RingSpot(396).jpg,
RingSpot(397).jpg,
RingSpot(398).jpg,
RingSpot(399).jpg,
RingSpot(4).jpg,
RingSpot(40).jpg,
RingSpot(400).jpg,
RingSpot(401).jpg,
RingSpot(402).jpg,
RingSpot(403).jpg,
RingSpot(404).jpg,
RingSpot(405).jpg,
RingSpot(406).jpg,
RingSpot(407).jpg,
RingSpot(408).jpg,
RingSpot(409).jpg,
RingSpot(41).jpg,
RingSpot(410).jpg,
RingSpot(411).jpg,
RingSpot(412).jpg,
RingSpot(413).jpg,
RingSpot(414).jpg,
RingSpot(415).jpg,
RingSpot(416).jpg,
RingSpot(417).jpg,
RingSpot(418).jpg,
RingSpot(419).jpg,
RingSpot(42).jpg,
RingSpot(420).jpg,
RingSpot(421).jpg,
RingSpot(422).jpg,
RingSpot(423).jpg,
RingSpot(424).jpg,
RingSpot(425).jpg,
RingSpot(426).jpg,
RingSpot(427).jpg,
RingSpot(428).jpg,
RingSpot(429).jpg,
RingSpot(43).jpg,
RingSpot(430).jpg,
RingSpot(431).jpg,
RingSpot(432).jpg,
RingSpot(433).jpg,
RingSpot(434).jpg,
RingSpot(435).jpg,
RingSpot(436).jpg,
RingSpot(437).jpg,
RingSpot(438).jpg,
RingSpot(439).jpg,
RingSpot(44).jpg,
RingSpot(440).jpg,
RingSpot(441).jpg,
RingSpot(442).jpg,
RingSpot(443).jpg,
RingSpot(444).jpg,
RingSpot(445).jpg,
RingSpot(446).jpg,
RingSpot(447).jpg,
RingSpot(448).jpg,
RingSpot(449).jpg,
RingSpot(45).jpg,
RingSpot(450).jpg,
RingSpot(451).jpg,
RingSpot(452).jpg,
RingSpot(453).jpg,
RingSpot(454).jpg,
RingSpot(455).jpg,
RingSpot(456).jpg,
RingSpot(457).jpg,
RingSpot(458).jpg,
RingSpot(459).jpg,
RingSpot(46).jpg,
RingSpot(460).jpg,
RingSpot(461).jpg,
RingSpot(462).jpg,
RingSpot(463).jpg,
RingSpot(464).jpg,
RingSpot(465).jpg,
RingSpot(466).jpg,
RingSpot(467).jpg,
RingSpot(468).jpg,
RingSpot(469).jpg,
RingSpot(47).jpg,
RingSpot(470).jpg,
RingSpot(471).jpg,
RingSpot(472).jpg,
RingSpot(473).jpg,
RingSpot(474).jpg,
RingSpot(475).jpg,
RingSpot(476).jpg,
RingSpot(477).jpg,
RingSpot(478).jpg,
RingSpot(479).jpg,
RingSpot(48).jpg,
RingSpot(480).jpg,
RingSpot(481).jpg,
RingSpot(482).jpg,
RingSpot(483).jpg,
RingSpot(484).jpg,
RingSpot(485).jpg,
RingSpot(486).jpg,
RingSpot(487).jpg,
RingSpot(488).jpg,
RingSpot(489).jpg,
RingSpot(49).jpg,
RingSpot(490).jpg,
RingSpot(491).jpg,
RingSpot(492).jpg,
RingSpot(493).jpg,
RingSpot(494).jpg,
RingSpot(495).jpg,
RingSpot(496).jpg,
RingSpot(497).jpg,
RingSpot(498).jpg,
RingSpot(499).jpg,
RingSpot(5).jpg,
RingSpot(50).jpg,
RingSpot(500).jpg,
RingSpot(501).jpg,
RingSpot(502).jpg,
RingSpot(503).jpg,
RingSpot(504).jpg,
RingSpot(505).jpg,
RingSpot(506).jpg,
RingSpot(507).jpg,
RingSpot(508).jpg,
RingSpot(509).jpg,
RingSpot(51).jpg,
RingSpot(510).jpg,
RingSpot(511).jpg,
RingSpot(512).jpg,
RingSpot(513).jpg,
RingSpot(514).jpg,
RingSpot(515).jpg,
RingSpot(516).jpg,
RingSpot(517).jpg,
RingSpot(518).jpg,
RingSpot(519).jpg,
RingSpot(52).jpg,
RingSpot(520).jpg,
RingSpot(521).jpg,
RingSpot(522).jpg,
RingSpot(523).jpg,
RingSpot(524).jpg,
RingSpot(525).jpg,
RingSpot(526).jpg,
RingSpot(527).jpg,
RingSpot(528).jpg,
RingSpot(529).jpg,
RingSpot(53).jpg,
RingSpot(530).jpg,
RingSpot(531).jpg,
RingSpot(532).jpg,
RingSpot(533).jpg,
RingSpot(54).jpg,
RingSpot(55).jpg,
RingSpot(56).jpg,
RingSpot(57).jpg,
RingSpot(58).jpg,
RingSpot(59).jpg,
RingSpot(6).jpg,
RingSpot(60).jpg,
RingSpot(61).jpg,
RingSpot(62).jpg,
RingSpot(63).jpg,
RingSpot(64).jpg,
RingSpot(65).jpg,
RingSpot(66).jpg,
RingSpot(67).jpg,
RingSpot(68).jpg,
RingSpot(69).jpg,
RingSpot(7).jpg,
RingSpot(70).jpg,
RingSpot(71).jpg,
RingSpot(72).jpg,
RingSpot(73).jpg,
RingSpot(74).jpg,
RingSpot(75).jpg,
RingSpot(76).jpg,
RingSpot(77).jpg,
RingSpot(78).jpg,
RingSpot(79).jpg,
RingSpot(8).jpg,
RingSpot(80).jpg,
RingSpot(81).jpg,
RingSpot(82).jpg,
RingSpot(83).jpg,
RingSpot(84).jpg,
RingSpot(85).jpg,
RingSpot(86).jpg,
RingSpot(87).jpg,
RingSpot(88).jpg,
RingSpot(89).jpg,
RingSpot(9).jpg,
RingSpot(90).jpg,
RingSpot(91).jpg,
RingSpot(92).jpg,
RingSpot(93).jpg,
RingSpot(94).jpg,
RingSpot(95).jpg,
RingSpot(96).jpg,
RingSpot(97).jpg,
RingSpot(98).jpg,
RingSpot(99).jpg,
